crash_date,crash_time,borough,zip_code,latitude,longitude,location,cross_street_name,number_of_persons_injured,number_of_persons_killed,number_of_pedestrians_injured,number_of_pedestrians_killed,number_of_cyclist_injured,number_of_cyclist_killed,number_of_motorist_injured,number_of_motorist_killed,contributing_factor_vehicle_1,contributing_factor_vehicle_2,collision_id,vehicle_type_code1,vehicle_type_code2,on_street_name,off_street_name,contributing_factor_vehicle_3,contributing_factor_vehicle_4,contributing_factor_vehicle_5,vehicle_type_code_3,vehicle_type_code_4,vehicle_type_code_5,CounDist,email
2026-02-06T00:00:00.000,8:35,BROOKLYN,11209.0,40.629936,-74.03509,"{""latitude"": ""40.629936"", ""longitude"": ""-74.03509"", ""human_address"": ""{\""address\"": \""\"", \""city\"": \""\"", \""state\"": \""\"", \""zip\"": \""\""}""}",100       79 ST,1,0,0,0,0,0,1,0,Failure to Yield Right-of-Way,Unspecified,4876950,Station Wagon/Sport Utility Vehicle,Station Wagon/Sport Utility Vehicle,,,,,,,,,38.0,District38@council.nyc.gov
2026-02-06T00:00:00.000,2:10,,,40.71041,-73.98545,"{""latitude"": ""40.71041"", ""longitude"": ""-73.98545"", ""human_address"": ""{\""address\"": \""\"", \""city\"": \""\"", \""state\"": \""\"", \""zip\"": \""\""}""}",,0,0,0,0,0,0,0,0,Driver Inattention/Distraction,Unspecified,4876941,Station Wagon/Sport Utility Vehicle,Box Truck,FDR DRIVE,,,,,,,,10.0,District10@council.nyc.gov
2026-02-06T00:00:00.000,9:40,,,40.903122,-73.88808,"{""latitude"": ""40.903122"", ""longitude"": ""-73.88808"", ""human_address"": ""{\""address\"": \""\"", \""city\"": \""\"", \""state\"": \""\"", \""zip\"": \""\""}""}",,1,0,0,0,0,0,1,0,Unspecified,Unspecified,4876945,Sedan,Sedan,MOSHOLU PKWY,HENRY HUDSON PKWY,,,,,,,37.0,District37@council.nyc.gov
2026-02-06T00:00:00.000,6:29,BRONX,10467.0,40.88435,-73.887054,"{""latitude"": ""40.88435"", ""longitude"": ""-73.887054"", ""human_address"": ""{\""address\"": \""\"", \""city\"": \""\"", \""state\"": \""\"", \""zip\"": \""\""}""}",,1,0,0,0,0,0,1,0,Driver Inattention/Distraction,Driver Inattention/Distraction,4876901,Station Wagon/Sport Utility Vehicle,Station Wagon/Sport Utility Vehicle,MOSHOLU PKWY,W GUN HILL RD,,,,,,,37.0,District37@council.nyc.gov
2026-02-06T00:00:00.000,3:43,,,40.786724,-73.983246,"{""latitude"": ""40.786724"", ""longitude"": ""-73.983246"", ""human_address"": ""{\""address\"": \""\"", \""city\"": \""\"", \""state\"": \""\"", \""zip\"": \""\""}""}",,0,0,0,0,0,0,0,0,Passing or Lane Usage Improper,Unspecified,4876888,Taxi,,HENRY HUDSON PARKWAY,,,,,,,,2.0,District2@council.nyc.gov
2026-02-06T00:00:00.000,0:28,QUEENS,11368.0,40.745396,-73.85346,"{""latitude"": ""40.745396"", ""longitude"": ""-73.85346"", ""human_address"": ""{\""address\"": \""\"", \""city\"": \""\"", \""state\"": \""\"", \""zip\"": \""\""}""}",108-61    50 AVE,0,0,0,0,0,0,0,0,Alcohol Involvement,Unspecified,4876923,Sedan,Station Wagon/Sport Utility Vehicle,,,Unspecified,Unspecified,Unspecified,Station Wagon/Sport Utility Vehicle,Sedan,Station Wagon/Sport Utility Vehicle,30.0,District30@council.nyc.gov
2026-02-06T00:00:00.000,8:30,,,40.724495,-73.72469,"{""latitude"": ""40.724495"", ""longitude"": ""-73.72469"", ""human_address"": ""{\""address\"": \""\"", \""city\"": \""\"", \""state\"": \""\"", \""zip\"": \""\""}""}",,0,0,0,0,0,0,0,0,Following Too Closely,Unspecified,4876924,Sedan,Sedan,CROSS ISLAND PARKWAY,,,,,,,,18.0,District18@council.nyc.gov
2026-02-06T00:00:00.000,10:00,BROOKLYN,11201.0,,,,,0,0,0,0,0,0,0,0,Following Too Closely,Unspecified,4876932,Sedan,Station Wagon/Sport Utility Vehicle,GOLD ST,TILLARY ST,,,,,,,,
2026-02-06T00:00:00.000,7:03,BRONX,10473.0,40.81908,-73.86371,"{""latitude"": ""40.81908"", ""longitude"": ""-73.86371"", ""human_address"": ""{\""address\"": \""\"", \""city\"": \""\"", \""state\"": \""\"", \""zip\"": \""\""}""}",,1,0,0,0,0,0,1,0,Driver Inattention/Distraction,Unspecified,4876935,Station Wagon/Sport Utility Vehicle,Sedan,SOUNDVIEW AVE,SEWARD AVE,,,,,,,44.0,District44@council.nyc.gov
2026-02-06T00:00:00.000,0:18,QUEENS,11420.0,40.666084,-73.82808,"{""latitude"": ""40.666084"", ""longitude"": ""-73.82808"", ""human_address"": ""{\""address\"": \""\"", \""city\"": \""\"", \""state\"": \""\"", \""zip\"": \""\""}""}",,1,0,0,0,0,0,1,0,Driver Inattention/Distraction,Alcohol Involvement,4876951,Station Wagon/Sport Utility Vehicle,Station Wagon/Sport Utility Vehicle,N CONDUIT AVE,114 ST,,,,,,,50.0,DCarr@council.nyc.gov
2026-02-06T00:00:00.000,5:48,,,40.73536,-73.919304,"{""latitude"": ""40.73536"", ""longitude"": ""-73.919304"", ""human_address"": ""{\""address\"": \""\"", \""city\"": \""\"", \""state\"": \""\"", \""zip\"": \""\""}""}",,1,0,0,0,0,0,1,0,Driver Inexperience,Unspecified,4876920,Sedan,Sedan,47 STREET,LAUREL HILL BOULEVARD,,,,,,,48.0,IVernikov@council.nyc.gov
2026-02-06T00:00:00.000,8:13,MANHATTAN,10029.0,40.792187,-73.938194,"{""latitude"": ""40.792187"", ""longitude"": ""-73.938194"", ""human_address"": ""{\""address\"": \""\"", \""city\"": \""\"", \""state\"": \""\"", \""zip\"": \""\""}""}",,0,0,0,0,0,0,0,0,Driver Inattention/Distraction,Unspecified,4876938,Bus,Sedan,1 AVE,E 110 ST,,,,,,,42.0,District42@council.nyc.gov
2026-02-06T00:00:00.000,8:50,MANHATTAN,10002.0,40.716927,-73.983215,"{""latitude"": ""40.716927"", ""longitude"": ""-73.983215"", ""human_address"": ""{\""address\"": \""\"", \""city\"": \""\"", \""state\"": \""\"", \""zip\"": \""\""}""}",,1,0,1,0,0,0,0,0,Driver Inexperience,,4876944,Standing S,,PITT ST,DELANCEY ST,,,,,,,10.0,District10@council.nyc.gov
2026-02-06T00:00:00.000,8:20,QUEENS,11385.0,40.70838,-73.85882,"{""latitude"": ""40.70838"", ""longitude"": ""-73.85882"", ""human_address"": ""{\""address\"": \""\"", \""city\"": \""\"", \""state\"": \""\"", \""zip\"": \""\""}""}",75-09     WOODHAVEN BLVD,0,0,0,0,0,0,0,0,View Obstructed/Limited,Unspecified,4876927,Sedan,Station Wagon/Sport Utility Vehicle,,,,,,,,,40.0,District40@council.nyc.gov
2026-02-06T00:00:00.000,4:25,,,40.814438,-73.893074,"{""latitude"": ""40.814438"", ""longitude"": ""-73.893074"", ""human_address"": ""{\""address\"": \""\"", \""city\"": \""\"", \""state\"": \""\"", \""zip\"": \""\""}""}",,0,0,0,0,0,0,0,0,Outside Car Distraction,Unspecified,4876892,Sedan,Sedan,LONGWOOD AVE,,,,,,,,32.0,District32@council.nyc.gov
2026-02-05T00:00:00.000,19:00,QUEENS,11434.0,40.688988,-73.78063,"{""latitude"": ""40.688988"", ""longitude"": ""-73.78063"", ""human_address"": ""{\""address\"": \""\"", \""city\"": \""\"", \""state\"": \""\"", \""zip\"": \""\""}""}",,0,0,0,0,0,0,0,0,Driver Inattention/Distraction,Driver Inattention/Distraction,4876908,Sedan,Sedan,115 AVE,168 ST,,,,,,,50.0,DCarr@council.nyc.gov
2026-02-05T00:00:00.000,8:30,,,40.74932,-73.75684,"{""latitude"": ""40.74932"", ""longitude"": ""-73.75684"", ""human_address"": ""{\""address\"": \""\"", \""city\"": \""\"", \""state\"": \""\"", \""zip\"": \""\""}""}",,1,0,1,0,0,0,0,0,Pedestrian/Bicyclist/Other Pedestrian Error/Confusion,,4876773,Station Wagon/Sport Utility Vehicle,,LONG ISLAND EXPRESSWAY,SPRINGFIELD BOULEVARD,,,,,,,18.0,District18@council.nyc.gov
2026-02-05T00:00:00.000,15:40,BROOKLYN,11208.0,40.67156,-73.8813,"{""latitude"": ""40.67156"", ""longitude"": ""-73.8813"", ""human_address"": ""{\""address\"": \""\"", \""city\"": \""\"", \""state\"": \""\"", \""zip\"": \""\""}""}",1017      SUTTER AVE,0,0,0,0,0,0,0,0,Driver Inattention/Distraction,Unspecified,4876874,Sedan,Sedan,,,,,,,,,19.0,District19@council.nyc.gov
2026-02-05T00:00:00.000,10:29,BROOKLYN,11223.0,40.593323,-73.96464,"{""latitude"": ""40.593323"", ""longitude"": ""-73.96464"", ""human_address"": ""{\""address\"": \""\"", \""city\"": \""\"", \""state\"": \""\"", \""zip\"": \""\""}""}",,1,0,0,0,0,0,1,0,Driver Inattention/Distraction,Turning Improperly,4876661,Sedan,Bus,AVENUE W,OCEAN PKWY,,,,,,,33.0,District33@council.nyc.gov
2026-02-05T00:00:00.000,13:07,,,40.631954,-74.14666,"{""latitude"": ""40.631954"", ""longitude"": ""-74.14666"", ""human_address"": ""{\""address\"": \""\"", \""city\"": \""\"", \""state\"": \""\"", \""zip\"": \""\""}""}",,0,0,0,0,0,0,0,0,Driver Inattention/Distraction,Unspecified,4876768,Pick-up Truck,,MORNINGSTAR RD,HOOKER PL,,,,,,,39.0,District39@council.nyc.gov
2026-02-05T00:00:00.000,10:00,QUEENS,11433.0,40.705395,-73.79468,"{""latitude"": ""40.705395"", ""longitude"": ""-73.79468"", ""human_address"": ""{\""address\"": \""\"", \""city\"": \""\"", \""state\"": \""\"", \""zip\"": \""\""}""}",92-01     165 ST,0,0,0,0,0,0,0,0,Unspecified,Unspecified,4876733,Sedan,Sedan,,,,,,,,,4.0,KPowers@council.nyc.gov
2026-02-05T00:00:00.000,6:54,MANHATTAN,10024.0,40.78534,-73.96985,"{""latitude"": ""40.78534"", ""longitude"": ""-73.96985"", ""human_address"": ""{\""address\"": \""\"", \""city\"": \""\"", \""state\"": \""\"", \""zip\"": \""\""}""}",2         W 86 ST,1,0,0,0,0,0,1,0,Other Vehicular,,4876828,LIMO,,,,,,,,,,2.0,District2@council.nyc.gov
2026-02-05T00:00:00.000,8:37,BROOKLYN,11230.0,40.61168,-73.96861,"{""latitude"": ""40.61168"", ""longitude"": ""-73.96861"", ""human_address"": ""{\""address\"": \""\"", \""city\"": \""\"", \""state\"": \""\"", \""zip\"": \""\""}""}",1510      OCEAN PKWY,1,0,0,0,0,0,1,0,Unspecified,Unspecified,4876648,Station Wagon/Sport Utility Vehicle,Sedan,,,,,,,,,33.0,District33@council.nyc.gov
2026-02-05T00:00:00.000,5:31,BROOKLYN,11237.0,40.700123,-73.91631,"{""latitude"": ""40.700123"", ""longitude"": ""-73.91631"", ""human_address"": ""{\""address\"": \""\"", \""city\"": \""\"", \""state\"": \""\"", \""zip\"": \""\""}""}",,1,0,0,0,0,0,1,0,Unsafe Speed,Driver Inexperience,4876749,Sedan,Sedan,IRVING AVE,BLEECKER ST,,,,,,,28.0,SpeakerAdams@council.nyc.gov
2026-02-05T00:00:00.000,10:10,MANHATTAN,10039.0,40.821945,-73.9406,"{""latitude"": ""40.821945"", ""longitude"": ""-73.9406"", ""human_address"": ""{\""address\"": \""\"", \""city\"": \""\"", \""state\"": \""\"", \""zip\"": \""\""}""}",232       W 145 ST,1,0,0,0,0,0,1,0,Unspecified,,4876759,Sedan,,,,,,,,,,35.0,District35@council.nyc.gov
2026-02-05T00:00:00.000,15:30,QUEENS,11434.0,40.670853,-73.78425,"{""latitude"": ""40.670853"", ""longitude"": ""-73.78425"", ""human_address"": ""{\""address\"": \""\"", \""city\"": \""\"", \""state\"": \""\"", \""zip\"": \""\""}""}",152-72    ROCKAWAY BLVD,0,0,0,0,0,0,0,0,Passing Too Closely,Backing Unsafely,4876919,Station Wagon/Sport Utility Vehicle,Tractor Truck Gasoline,,,,,,,,,50.0,DCarr@council.nyc.gov
2026-02-05T00:00:00.000,7:54,MANHATTAN,10029.0,40.794464,-73.93963,"{""latitude"": ""40.794464"", ""longitude"": ""-73.93963"", ""human_address"": ""{\""address\"": \""\"", \""city\"": \""\"", \""state\"": \""\"", \""zip\"": \""\""}""}",,0,0,0,0,0,0,0,0,Following Too Closely,Unspecified,4876614,Station Wagon/Sport Utility Vehicle,Sedan,E 112 ST,2 AVE,,,,,,,42.0,District42@council.nyc.gov
2026-02-05T00:00:00.000,0:00,,,40.61821,-73.89728,"{""latitude"": ""40.61821"", ""longitude"": ""-73.89728"", ""human_address"": ""{\""address\"": \""\"", \""city\"": \""\"", \""state\"": \""\"", \""zip\"": \""\""}""}",,0,0,0,0,0,0,0,0,Reaction to Uninvolved Vehicle,,4876565,Sedan,,BELT PARKWAY,,,,,,,,7.0,District7@council.nyc.gov
2026-02-05T00:00:00.000,4:24,QUEENS,11433.0,40.70197,-73.801895,"{""latitude"": ""40.70197"", ""longitude"": ""-73.801895"", ""human_address"": ""{\""address\"": \""\"", \""city\"": \""\"", \""state\"": \""\"", \""zip\"": \""\""}""}",,1,0,1,0,0,0,0,0,Driver Inattention/Distraction,,4876619,Station Wagon/Sport Utility Vehicle,,ARCHER AVE,153 ST,,,,,,,4.0,KPowers@council.nyc.gov
2026-02-05T00:00:00.000,9:48,QUEENS,11694.0,40.586643,-73.8209,"{""latitude"": ""40.586643"", ""longitude"": ""-73.8209"", ""human_address"": ""{\""address\"": \""\"", \""city\"": \""\"", \""state\"": \""\"", \""zip\"": \""\""}""}",,1,0,0,0,0,0,1,0,Following Too Closely,Unspecified,4876665,Sedan,Sedan,BEACH 98 ST,BEACH CHANNEL DR,,,,,,,40.0,District40@council.nyc.gov
2026-02-05T00:00:00.000,16:40,BRONX,10459.0,40.826923,-73.8916,"{""latitude"": ""40.826923"", ""longitude"": ""-73.8916"", ""human_address"": ""{\""address\"": \""\"", \""city\"": \""\"", \""state\"": \""\"", \""zip\"": \""\""}""}",961       E 167 ST,0,0,0,0,0,0,0,0,Driver Inattention/Distraction,Unspecified,4876867,Station Wagon/Sport Utility Vehicle,Station Wagon/Sport Utility Vehicle,,,,,,,,,32.0,District32@council.nyc.gov
2026-02-05T00:00:00.000,2:58,MANHATTAN,10031.0,40.826427,-73.95045,"{""latitude"": ""40.826427"", ""longitude"": ""-73.95045"", ""human_address"": ""{\""address\"": \""\"", \""city\"": \""\"", \""state\"": \""\"", \""zip\"": \""\""}""}",,0,0,0,0,0,0,0,0,Unspecified,Unspecified,4876572,Taxi,Taxi,W 145 ST,BROADWAY,Unspecified,,,,,,3.0,District3@council.nyc.gov
2026-02-05T00:00:00.000,8:15,,,40.6666,-73.731766,"{""latitude"": ""40.6666"", ""longitude"": ""-73.731766"", ""human_address"": ""{\""address\"": \""\"", \""city\"": \""\"", \""state\"": \""\"", \""zip\"": \""\""}""}",,0,0,0,0,0,0,0,0,Pavement Slippery,Unspecified,4876645,Station Wagon/Sport Utility Vehicle,Station Wagon/Sport Utility Vehicle,N CONDUIT AVE,138 AVE,,,,,,,51.0,District51@council.nyc.gov
2026-02-05T00:00:00.000,8:10,QUEENS,11435.0,40.71067,-73.8101,"{""latitude"": ""40.71067"", ""longitude"": ""-73.8101"", ""human_address"": ""{\""address\"": \""\"", \""city\"": \""\"", \""state\"": \""\"", \""zip\"": \""\""}""}",85-15     148 ST,0,0,0,0,0,0,0,0,Passing Too Closely,Passing Too Closely,4876745,Bus,Sedan,,,,,,,,,25.0,District25@council.nyc.gov
2026-02-05T00:00:00.000,11:26,BRONX,10474.0,40.819126,-73.88578,"{""latitude"": ""40.819126"", ""longitude"": ""-73.88578"", ""human_address"": ""{\""address\"": \""\"", \""city\"": \""\"", \""state\"": \""\"", \""zip\"": \""\""}""}",,0,0,0,0,0,0,0,0,Driver Inattention/Distraction,Unspecified,4876720,Tractor Truck Diesel,Sedan,LONGFELLOW AVE,SENECA AVE,Unspecified,,,Sedan,,,32.0,District32@council.nyc.gov
2026-02-05T00:00:00.000,0:50,,,40.579826,-73.97621,"{""latitude"": ""40.579826"", ""longitude"": ""-73.97621"", ""human_address"": ""{\""address\"": \""\"", \""city\"": \""\"", \""state\"": \""\"", \""zip\"": \""\""}""}",,0,0,0,0,0,0,0,0,Driver Inexperience,Unspecified,4876612,Sedan,Pick-up Truck,NEPTUNE AVE,,,,,,,,34.0,District34@council.nyc.gov
2026-02-05T00:00:00.000,8:32,BROOKLYN,11236.0,40.647568,-73.89433,"{""latitude"": ""40.647568"", ""longitude"": ""-73.89433"", ""human_address"": ""{\""address\"": \""\"", \""city\"": \""\"", \""state\"": \""\"", \""zip\"": \""\""}""}",10504     FLATLANDS AVE,1,0,1,0,0,0,0,0,Driver Inattention/Distraction,,4876652,Sedan,,,,,,,,,,7.0,District7@council.nyc.gov
2026-02-05T00:00:00.000,8:30,BROOKLYN,11236.0,40.645874,-73.90294,"{""latitude"": ""40.645874"", ""longitude"": ""-73.90294"", ""human_address"": ""{\""address\"": \""\"", \""city\"": \""\"", \""state\"": \""\"", \""zip\"": \""\""}""}",1397      ROCKAWAY PKWY,0,0,0,0,0,0,0,0,Driver Inattention/Distraction,Driver Inattention/Distraction,4876676,Station Wagon/Sport Utility Vehicle,Sedan,,,,,,,,,7.0,District7@council.nyc.gov
2026-02-05T00:00:00.000,15:30,MANHATTAN,10025.0,40.80428,-73.96629,"{""latitude"": ""40.80428"", ""longitude"": ""-73.96629"", ""human_address"": ""{\""address\"": \""\"", \""city\"": \""\"", \""state\"": \""\"", \""zip\"": \""\""}""}",2840      BROADWAY,0,0,0,0,0,0,0,0,Driver Inattention/Distraction,,4876784,Station Wagon/Sport Utility Vehicle,,,,,,,,,,3.0,District3@council.nyc.gov
2026-02-05T00:00:00.000,0:00,,,40.80941,-73.880295,"{""latitude"": ""40.80941"", ""longitude"": ""-73.880295"", ""human_address"": ""{\""address\"": \""\"", \""city\"": \""\"", \""state\"": \""\"", \""zip\"": \""\""}""}",,1,0,0,0,0,0,1,0,Pavement Slippery,Unspecified,4876756,Tanker,Station Wagon/Sport Utility Vehicle,FOOD CENTER DR,HALLECK ST,Unspecified,,,Box Truck,,,32.0,District32@council.nyc.gov
2026-02-05T00:00:00.000,8:00,,,40.68658,-73.94746,"{""latitude"": ""40.68658"", ""longitude"": ""-73.94746"", ""human_address"": ""{\""address\"": \""\"", \""city\"": \""\"", \""state\"": \""\"", \""zip\"": \""\""}""}",,0,0,0,0,0,0,0,0,Following Too Closely,Unspecified,4876769,Sedan,Sedan,GATES AVE,,,,,,,,11.0,dinowitz@council.nyc.gov
2026-02-05T00:00:00.000,14:50,QUEENS,11357.0,40.78457,-73.820404,"{""latitude"": ""40.78457"", ""longitude"": ""-73.820404"", ""human_address"": ""{\""address\"": \""\"", \""city\"": \""\"", \""state\"": \""\"", \""zip\"": \""\""}""}",,0,0,0,0,0,0,0,0,Passing Too Closely,Unspecified,4876896,Bus,Van,17 AVE,145 PL,,,,,,,45.0,District45@council.nyc.gov
2026-02-05T00:00:00.000,15:05,BROOKLYN,11214.0,40.597095,-73.995224,"{""latitude"": ""40.597095"", ""longitude"": ""-73.995224"", ""human_address"": ""{\""address\"": \""\"", \""city\"": \""\"", \""state\"": \""\"", \""zip\"": \""\""}""}",,0,1,0,1,0,0,0,0,Failure to Yield Right-of-Way,,4876845,Bus,,23 AVE,BATH AVE,,,,,,,6.0,District6@council.nyc.gov
2026-02-05T00:00:00.000,12:45,BROOKLYN,11206.0,40.697247,-73.93284,"{""latitude"": ""40.697247"", ""longitude"": ""-73.93284"", ""human_address"": ""{\""address\"": \""\"", \""city\"": \""\"", \""state\"": \""\"", \""zip\"": \""\""}""}",,0,0,0,0,0,0,0,0,Following Too Closely,Unspecified,4876790,Sedan,,DITMARS ST,MYRTLE AVE,,,,,,,23.0,District23@council.nyc.gov
2026-02-05T00:00:00.000,16:09,BROOKLYN,11215.0,40.666138,-73.99223,"{""latitude"": ""40.666138"", ""longitude"": ""-73.99223"", ""human_address"": ""{\""address\"": \""\"", \""city\"": \""\"", \""state\"": \""\"", \""zip\"": \""\""}""}",,0,0,0,0,0,0,0,0,Unspecified,,4876839,Sedan,,16 ST,4 AVE,,,,,,,5.0,District5@council.nyc.gov
2026-02-05T00:00:00.000,7:01,BROOKLYN,11233.0,0.0,0.0,"{""latitude"": ""0.0"", ""longitude"": ""0.0"", ""human_address"": ""{\""address\"": \""\"", \""city\"": \""\"", \""state\"": \""\"", \""zip\"": \""\""}""}",17        UTICA AVE,1,0,1,0,0,0,0,0,Pedestrian/Bicyclist/Other Pedestrian Error/Confusion,,4876655,Sedan,,,,,,,,,,,
2026-02-05T00:00:00.000,18:30,QUEENS,11367.0,40.72132,-73.82041,"{""latitude"": ""40.72132"", ""longitude"": ""-73.82041"", ""human_address"": ""{\""address\"": \""\"", \""city\"": \""\"", \""state\"": \""\"", \""zip\"": \""\""}""}",141-26    77 AVE,0,0,0,0,0,0,0,0,Unspecified,,4876823,Sedan,,,,,,,,,,25.0,District25@council.nyc.gov
2026-02-05T00:00:00.000,12:55,BROOKLYN,11223.0,40.59758,-73.96777,"{""latitude"": ""40.59758"", ""longitude"": ""-73.96777"", ""human_address"": ""{\""address\"": \""\"", \""city\"": \""\"", \""state\"": \""\"", \""zip\"": \""\""}""}",,0,0,0,0,0,0,0,0,Passing or Lane Usage Improper,Unspecified,4876878,Sedan,Sedan,E 4 ST,AVENUE U,Unspecified,,,Sedan,,,33.0,District33@council.nyc.gov
2026-02-05T00:00:00.000,7:50,BRONX,10467.0,40.877632,-73.86738,"{""latitude"": ""40.877632"", ""longitude"": ""-73.86738"", ""human_address"": ""{\""address\"": \""\"", \""city\"": \""\"", \""state\"": \""\"", \""zip\"": \""\""}""}",,2,0,0,0,0,0,2,0,Unspecified,Unspecified,4876624,Sedan,Sedan,E GUN HILL RD,WHITE PLAINS RD,,,,,,,24.0,District24@council.nyc.gov
2026-02-05T00:00:00.000,8:36,BROOKLYN,11208.0,40.661156,-73.871,"{""latitude"": ""40.661156"", ""longitude"": ""-73.871"", ""human_address"": ""{\""address\"": \""\"", \""city\"": \""\"", \""state\"": \""\"", \""zip\"": \""\""}""}",,1,0,1,0,0,0,0,0,Traffic Control Disregarded,,4876734,Sedan,,COZINE AVE,MONTAUK AVE,,,,,,,19.0,District19@council.nyc.gov
2026-02-05T00:00:00.000,14:30,MANHATTAN,10026.0,40.79991,-73.95288,"{""latitude"": ""40.79991"", ""longitude"": ""-73.95288"", ""human_address"": ""{\""address\"": \""\"", \""city\"": \""\"", \""state\"": \""\"", \""zip\"": \""\""}""}",118       W 112 ST,0,0,0,0,0,0,0,0,Other Vehicular,,4876886,Station Wagon/Sport Utility Vehicle,,,,,,,,,,35.0,District35@council.nyc.gov
2026-02-05T00:00:00.000,11:52,QUEENS,11358.0,40.761368,-73.80305,"{""latitude"": ""40.761368"", ""longitude"": ""-73.80305"", ""human_address"": ""{\""address\"": \""\"", \""city\"": \""\"", \""state\"": \""\"", \""zip\"": \""\""}""}",162-20    NORTHERN BLVD,0,0,0,0,0,0,0,0,Driver Inattention/Distraction,Unspecified,4876698,Station Wagon/Sport Utility Vehicle,EMS,,,,,,,,,29.0,District29@council.nyc.gov
2026-02-05T00:00:00.000,11:00,BROOKLYN,11209.0,40.61722,-74.0304,"{""latitude"": ""40.61722"", ""longitude"": ""-74.0304"", ""human_address"": ""{\""address\"": \""\"", \""city\"": \""\"", \""state\"": \""\"", \""zip\"": \""\""}""}",9243      4 AVE,1,0,0,0,0,0,1,0,Reaction to Uninvolved Vehicle,Unspecified,4876685,Station Wagon/Sport Utility Vehicle,Station Wagon/Sport Utility Vehicle,,,,,,,,,38.0,District38@council.nyc.gov
2026-02-05T00:00:00.000,8:42,BROOKLYN,11201.0,40.68969,-73.99236,"{""latitude"": ""40.68969"", ""longitude"": ""-73.99236"", ""human_address"": ""{\""address\"": \""\"", \""city\"": \""\"", \""state\"": \""\"", \""zip\"": \""\""}""}",,1,0,1,0,0,0,0,0,Failure to Yield Right-of-Way,,4876662,Sedan,,COURT ST,ATLANTIC AVE,,,,,,,17.0,salamanca@council.nyc.gov
2026-02-05T00:00:00.000,9:13,BROOKLYN,11207.0,40.67677,-73.88948,"{""latitude"": ""40.67677"", ""longitude"": ""-73.88948"", ""human_address"": ""{\""address\"": \""\"", \""city\"": \""\"", \""state\"": \""\"", \""zip\"": \""\""}""}",,0,0,0,0,0,0,0,0,Unspecified,Unspecified,4876832,Sedan,Sedan,ATLANTIC AVE,SCHENCK AVE,,,,,,,28.0,SpeakerAdams@council.nyc.gov
2026-02-05T00:00:00.000,11:50,BROOKLYN,11221.0,40.687794,-73.93807,"{""latitude"": ""40.687794"", ""longitude"": ""-73.93807"", ""human_address"": ""{\""address\"": \""\"", \""city\"": \""\"", \""state\"": \""\"", \""zip\"": \""\""}""}",715       GATES AVE,0,0,0,0,0,0,0,0,Passing Too Closely,Unspecified,4876949,Ambulance,Sedan,,,,,,,,,11.0,dinowitz@council.nyc.gov
2026-02-05T00:00:00.000,18:02,,,40.68576,-73.915504,"{""latitude"": ""40.68576"", ""longitude"": ""-73.915504"", ""human_address"": ""{\""address\"": \""\"", \""city\"": \""\"", \""state\"": \""\"", \""zip\"": \""\""}""}",,1,0,1,0,0,0,0,0,Passing Too Closely,,4876934,Sedan,,HALSEY ST,BROADWAY,,,,,,,12.0,District12@council.nyc.gov
2026-02-05T00:00:00.000,12:15,BRONX,10469.0,40.867607,-73.85188,"{""latitude"": ""40.867607"", ""longitude"": ""-73.85188"", ""human_address"": ""{\""address\"": \""\"", \""city\"": \""\"", \""state\"": \""\"", \""zip\"": \""\""}""}",,1,0,0,0,0,0,1,0,Unspecified,Unspecified,4876820,Station Wagon/Sport Utility Vehicle,Motorcycle,ARNOW AVE,PEARSALL AVE,,,,,,,24.0,District24@council.nyc.gov
2026-02-05T00:00:00.000,8:23,QUEENS,11412.0,40.710102,-73.75336,"{""latitude"": ""40.710102"", ""longitude"": ""-73.75336"", ""human_address"": ""{\""address\"": \""\"", \""city\"": \""\"", \""state\"": \""\"", \""zip\"": \""\""}""}",,0,0,0,0,0,0,0,0,Driver Inexperience,Unspecified,4876738,Sedan,Sedan,205 PL,104 AVE,,,,,,,4.0,KPowers@council.nyc.gov
2026-02-05T00:00:00.000,16:40,QUEENS,11101.0,40.741543,-73.93692,"{""latitude"": ""40.741543"", ""longitude"": ""-73.93692"", ""human_address"": ""{\""address\"": \""\"", \""city\"": \""\"", \""state\"": \""\"", \""zip\"": \""\""}""}",47-07     30 PL,2,0,2,0,0,0,0,0,,,4876914,Sedan,,,,,,,,,,48.0,IVernikov@council.nyc.gov
2026-02-05T00:00:00.000,13:30,MANHATTAN,10002.0,40.716972,-73.98995,"{""latitude"": ""40.716972"", ""longitude"": ""-73.98995"", ""human_address"": ""{\""address\"": \""\"", \""city\"": \""\"", \""state\"": \""\"", \""zip\"": \""\""}""}",,0,0,0,0,0,0,0,0,Unspecified,,4876716,Sedan,,LUDLOW ST,GRAND ST,,,,,,,10.0,District10@council.nyc.gov
2026-02-05T00:00:00.000,9:34,QUEENS,11366.0,40.73197,-73.7865,"{""latitude"": ""40.73197"", ""longitude"": ""-73.7865"", ""human_address"": ""{\""address\"": \""\"", \""city\"": \""\"", \""state\"": \""\"", \""zip\"": \""\""}""}",,0,0,0,0,0,0,0,0,Driver Inattention/Distraction,Unspecified,4876744,Sedan,Station Wagon/Sport Utility Vehicle,184 ST,73 AVE,,,,,,,25.0,District25@council.nyc.gov
2026-02-05T00:00:00.000,15:41,,,40.70215,-73.82032,"{""latitude"": ""40.70215"", ""longitude"": ""-73.82032"", ""human_address"": ""{\""address\"": \""\"", \""city\"": \""\"", \""state\"": \""\"", \""zip\"": \""\""}""}",,1,0,1,0,0,0,0,0,Failure to Yield Right-of-Way,,4876833,Pick-up Truck,,JAMAICA AVE,132 ST,,,,,,,26.0,district26@council.nyc.gov
2026-02-05T00:00:00.000,21:52,,,40.88736,-73.89426,"{""latitude"": ""40.88736"", ""longitude"": ""-73.89426"", ""human_address"": ""{\""address\"": \""\"", \""city\"": \""\"", \""state\"": \""\"", \""zip\"": \""\""}""}",,1,0,0,0,0,0,1,0,Unspecified,Unspecified,4876887,Sedan,Station Wagon/Sport Utility Vehicle,MAJOR DEEGAN EXPRESSWAY,,,,,,,,37.0,District37@council.nyc.gov
2026-02-05T00:00:00.000,8:00,,,40.67957,-73.79009,"{""latitude"": ""40.67957"", ""longitude"": ""-73.79009"", ""human_address"": ""{\""address\"": \""\"", \""city\"": \""\"", \""state\"": \""\"", \""zip\"": \""\""}""}",,0,0,0,0,0,0,0,0,Driver Inattention/Distraction,Unspecified,4876954,Sedan,Sedan,152 ST,,,,,,,,50.0,DCarr@council.nyc.gov
2026-02-05T00:00:00.000,16:36,BROOKLYN,11210.0,40.61362,-73.95305,"{""latitude"": ""40.61362"", ""longitude"": ""-73.95305"", ""human_address"": ""{\""address\"": \""\"", \""city\"": \""\"", \""state\"": \""\"", \""zip\"": \""\""}""}",,0,0,0,0,0,0,0,0,Unsafe Lane Changing,Unspecified,4876928,Station Wagon/Sport Utility Vehicle,Station Wagon/Sport Utility Vehicle,AVENUE O,E 21 ST,,,,,,,34.0,District34@council.nyc.gov
2026-02-05T00:00:00.000,6:30,,,40.658936,-73.77201,"{""latitude"": ""40.658936"", ""longitude"": ""-73.77201"", ""human_address"": ""{\""address\"": \""\"", \""city\"": \""\"", \""state\"": \""\"", \""zip\"": \""\""}""}",168-35    ROCKAWAY BLVD,1,0,0,0,0,0,1,0,Following Too Closely,Following Too Closely,4876781,Station Wagon/Sport Utility Vehicle,Station Wagon/Sport Utility Vehicle,,,,,,,,,51.0,District51@council.nyc.gov
2026-02-05T00:00:00.000,0:00,,,40.691536,-73.99912,"{""latitude"": ""40.691536"", ""longitude"": ""-73.99912"", ""human_address"": ""{\""address\"": \""\"", \""city\"": \""\"", \""state\"": \""\"", \""zip\"": \""\""}""}",,0,0,0,0,0,0,0,0,Unspecified,,4876566,Tractor Truck Diesel,,BROOKLYN QUEENS EXPRESSWAY,,,,,,,,13.0,District13@council.nyc.gov
2026-02-05T00:00:00.000,14:58,BRONX,10460.0,40.853348,-73.88167,"{""latitude"": ""40.853348"", ""longitude"": ""-73.88167"", ""human_address"": ""{\""address\"": \""\"", \""city\"": \""\"", \""state\"": \""\"", \""zip\"": \""\""}""}",,1,0,0,0,0,0,1,0,Passing Too Closely,Unspecified,4876895,Station Wagon/Sport Utility Vehicle,Bus,SOUTHERN BLVD,E 187 ST,,,,,,,31.0,District31@council.nyc.gov
2026-02-05T00:00:00.000,15:03,BRONX,10463.0,40.87727,-73.91258,"{""latitude"": ""40.87727"", ""longitude"": ""-73.91258"", ""human_address"": ""{\""address\"": \""\"", \""city\"": \""\"", \""state\"": \""\"", \""zip\"": \""\""}""}",99        TERRACE VIEW AVE,0,0,0,0,0,0,0,0,Driver Inexperience,Unspecified,4876937,Box Truck,Station Wagon/Sport Utility Vehicle,,,,,,,,,36.0,District36@council.nyc.gov
2026-02-05T00:00:00.000,0:51,MANHATTAN,10029.0,40.79157,-73.94468,"{""latitude"": ""40.79157"", ""longitude"": ""-73.94468"", ""human_address"": ""{\""address\"": \""\"", \""city\"": \""\"", \""state\"": \""\"", \""zip\"": \""\""}""}",,0,0,0,0,0,0,0,0,Unspecified,Unspecified,4876856,Van,Sedan,E 106 ST,3 AVE,,,,,,,42.0,District42@council.nyc.gov
2026-02-05T00:00:00.000,5:13,BROOKLYN,11230.0,40.619396,-73.96957,"{""latitude"": ""40.619396"", ""longitude"": ""-73.96957"", ""human_address"": ""{\""address\"": \""\"", \""city\"": \""\"", \""state\"": \""\"", \""zip\"": \""\""}""}",,3,0,0,0,0,0,3,0,Other Vehicular,Unspecified,4876589,Station Wagon/Sport Utility Vehicle,Sedan,AVENUE L,OCEAN PKWY,,,,,,,33.0,District33@council.nyc.gov
2026-02-05T00:00:00.000,7:50,,,40.673008,-73.788086,"{""latitude"": ""40.673008"", ""longitude"": ""-73.788086"", ""human_address"": ""{\""address\"": \""\"", \""city\"": \""\"", \""state\"": \""\"", \""zip\"": \""\""}""}",,1,0,1,0,0,0,0,0,Glare,,4876917,Station Wagon/Sport Utility Vehicle,,ROCKAWAY BLVD,SUTPHIN BLVD,,,,,,,50.0,DCarr@council.nyc.gov
2026-02-05T00:00:00.000,9:25,,,40.747257,-73.97586,"{""latitude"": ""40.747257"", ""longitude"": ""-73.97586"", ""human_address"": ""{\""address\"": \""\"", \""city\"": \""\"", \""state\"": \""\"", \""zip\"": \""\""}""}",,0,0,0,0,0,0,0,0,Unspecified,,4876660,Station Wagon/Sport Utility Vehicle,,EAST 37 STREET,QUEENS MIDTOWN TUNNEL,,,,,,,14.0,District14@council.nyc.gov
2026-02-05T00:00:00.000,8:35,QUEENS,11368.0,40.741913,-73.85322,"{""latitude"": ""40.741913"", ""longitude"": ""-73.85322"", ""human_address"": ""{\""address\"": \""\"", \""city\"": \""\"", \""state\"": \""\"", \""zip\"": \""\""}""}",109-25    CORONA AVE,0,0,0,0,0,0,0,0,Unspecified,,4876813,Sedan,,,,,,,,,,30.0,District30@council.nyc.gov
2026-02-05T00:00:00.000,20:02,BROOKLYN,11226.0,40.651375,-73.94947,"{""latitude"": ""40.651375"", ""longitude"": ""-73.94947"", ""human_address"": ""{\""address\"": \""\"", \""city\"": \""\"", \""state\"": \""\"", \""zip\"": \""\""}""}",1429      NOSTRAND AVE,0,0,0,0,0,0,0,0,Unspecified,Unspecified,4876868,Station Wagon/Sport Utility Vehicle,Sedan,,,,,,,,,22.0,District22@council.nyc.gov
2026-02-05T00:00:00.000,20:02,BROOKLYN,11226.0,40.651375,-73.94947,"{""latitude"": ""40.651375"", ""longitude"": ""-73.94947"", ""human_address"": ""{\""address\"": \""\"", \""city\"": \""\"", \""state\"": \""\"", \""zip\"": \""\""}""}",1429      NOSTRAND AVE,0,0,0,0,0,0,0,0,Unspecified,Unspecified,4876868,Station Wagon/Sport Utility Vehicle,Sedan,,,,,,,,,41.0,District41@council.nyc.gov
2026-02-05T00:00:00.000,9:50,,,40.73873,-73.81428,"{""latitude"": ""40.73873"", ""longitude"": ""-73.81428"", ""human_address"": ""{\""address\"": \""\"", \""city\"": \""\"", \""state\"": \""\"", \""zip\"": \""\""}""}",,1,0,0,0,0,0,1,0,Illnes,Unspecified,4876822,Station Wagon/Sport Utility Vehicle,Sedan,LONG ISLAND EXPRESSWAY,,,,,,,,29.0,District29@council.nyc.gov
2026-02-05T00:00:00.000,7:58,,,40.55464,-74.14607,"{""latitude"": ""40.55464"", ""longitude"": ""-74.14607"", ""human_address"": ""{\""address\"": \""\"", \""city\"": \""\"", \""state\"": \""\"", \""zip\"": \""\""}""}",,0,0,0,0,0,0,0,0,Driver Inattention/Distraction,Unspecified,4876697,Station Wagon/Sport Utility Vehicle,Station Wagon/Sport Utility Vehicle,GREAVES AVE,,,,,,,,8.0,District8@council.nyc.gov
2026-02-05T00:00:00.000,16:00,BROOKLYN,11230.0,40.61406,-73.97266,"{""latitude"": ""40.61406"", ""longitude"": ""-73.97266"", ""human_address"": ""{\""address\"": \""\"", \""city\"": \""\"", \""state\"": \""\"", \""zip\"": \""\""}""}",204       AVENUE N,0,0,0,0,0,0,0,0,Unspecified,,4876877,Dump,Pick-up Truck,,,,,,Bus,,,33.0,District33@council.nyc.gov
2026-02-05T00:00:00.000,15:00,QUEENS,11415.0,40.707462,-73.83374,"{""latitude"": ""40.707462"", ""longitude"": ""-73.83374"", ""human_address"": ""{\""address\"": \""\"", \""city\"": \""\"", \""state\"": \""\"", \""zip\"": \""\""}""}",83-14     ABINGDON RD,0,0,0,0,0,0,0,0,Tire Failure/Inadequate,Unspecified,4876834,Sedan,Sedan,,,,,,,,,26.0,district26@council.nyc.gov
2026-02-05T00:00:00.000,7:12,BROOKLYN,11234.0,40.607525,-73.89721,"{""latitude"": ""40.607525"", ""longitude"": ""-73.89721"", ""human_address"": ""{\""address\"": \""\"", \""city\"": \""\"", \""state\"": \""\"", \""zip\"": \""\""}""}",7000      SHORE PKWY,0,0,0,0,0,0,0,0,Unspecified,,4876663,Bus,,,,,,,,,,7.0,District7@council.nyc.gov
2026-02-05T00:00:00.000,14:00,,,40.620438,-74.1672,"{""latitude"": ""40.620438"", ""longitude"": ""-74.1672"", ""human_address"": ""{\""address\"": \""\"", \""city\"": \""\"", \""state\"": \""\"", \""zip\"": \""\""}""}",,0,0,0,0,0,0,0,0,Driver Inattention/Distraction,Unspecified,4876782,Sedan,,STATEN ISLAND EXPRESSWAY,,,,,,,,,
2026-02-05T00:00:00.000,16:25,,,40.725723,-73.759384,"{""latitude"": ""40.725723"", ""longitude"": ""-73.759384"", ""human_address"": ""{\""address\"": \""\"", \""city\"": \""\"", \""state\"": \""\"", \""zip\"": \""\""}""}",,0,0,0,0,0,0,0,0,Following Too Closely,Unspecified,4876821,Pick-up Truck,Station Wagon/Sport Utility Vehicle,GRAND CENTRAL PKWY,,,,,,,,18.0,District18@council.nyc.gov
2026-02-05T00:00:00.000,22:04,BROOKLYN,11226.0,40.6409,-73.9558,"{""latitude"": ""40.6409"", ""longitude"": ""-73.9558"", ""human_address"": ""{\""address\"": \""\"", \""city\"": \""\"", \""state\"": \""\"", \""zip\"": \""\""}""}",1205      FLATBUSH AVE,0,0,0,0,0,0,0,0,Unspecified,Unspecified,4876909,Sedan,Sedan,,,Unspecified,,,Sedan,,,20.0,district20@council.nyc.gov
2026-02-05T00:00:00.000,9:19,BROOKLYN,11219.0,40.636566,-73.99769,"{""latitude"": ""40.636566"", ""longitude"": ""-73.99769"", ""human_address"": ""{\""address\"": \""\"", \""city\"": \""\"", \""state\"": \""\"", \""zip\"": \""\""}""}",,1,0,1,0,0,0,0,0,Unspecified,,4876649,Station Wagon/Sport Utility Vehicle,,11 AVE,51 ST,,,,,,,33.0,District33@council.nyc.gov
2026-02-05T00:00:00.000,15:48,QUEENS,11373.0,40.742435,-73.88162,"{""latitude"": ""40.742435"", ""longitude"": ""-73.88162"", ""human_address"": ""{\""address\"": \""\"", \""city\"": \""\"", \""state\"": \""\"", \""zip\"": \""\""}""}",82-33     BROADWAY,1,0,1,0,0,0,0,0,Unspecified,,4876851,Sedan,,,,,,,,,,9.0,district9@council.nyc.gov
2026-02-05T00:00:00.000,8:50,BROOKLYN,11224.0,40.576706,-73.97282,"{""latitude"": ""40.576706"", ""longitude"": ""-73.97282"", ""human_address"": ""{\""address\"": \""\"", \""city\"": \""\"", \""state\"": \""\"", \""zip\"": \""\""}""}",,1,0,0,0,0,0,1,0,Following Too Closely,Unspecified,4876762,Station Wagon/Sport Utility Vehicle,Station Wagon/Sport Utility Vehicle,W BRIGHTON AVE,W 5 ST,Unspecified,,,Station Wagon/Sport Utility Vehicle,,,34.0,District34@council.nyc.gov
2026-02-05T00:00:00.000,9:05,BROOKLYN,11207.0,40.673576,-73.90208,"{""latitude"": ""40.673576"", ""longitude"": ""-73.90208"", ""human_address"": ""{\""address\"": \""\"", \""city\"": \""\"", \""state\"": \""\"", \""zip\"": \""\""}""}",,0,0,0,0,0,0,0,0,Unspecified,,4876735,Sedan,,LIBERTY AVE,SNEDIKER AVE,,,,,,,28.0,SpeakerAdams@council.nyc.gov
2026-02-05T00:00:00.000,11:25,BROOKLYN,11204.0,40.611767,-73.97637,"{""latitude"": ""40.611767"", ""longitude"": ""-73.97637"", ""human_address"": ""{\""address\"": \""\"", \""city\"": \""\"", \""state\"": \""\"", \""zip\"": \""\""}""}",,2,0,0,0,0,0,2,0,Failure to Yield Right-of-Way,Unspecified,4876809,Sedan,Sedan,64 ST,24 AVE,,,,,,,33.0,District33@council.nyc.gov
2026-02-05T00:00:00.000,11:00,BROOKLYN,11213.0,40.667625,-73.94236,"{""latitude"": ""40.667625"", ""longitude"": ""-73.94236"", ""human_address"": ""{\""address\"": \""\"", \""city\"": \""\"", \""state\"": \""\"", \""zip\"": \""\""}""}",,0,0,0,0,0,0,0,0,Driver Inattention/Distraction,Unspecified,4876843,Station Wagon/Sport Utility Vehicle,Bus,KINGSTON AVE,PRESIDENT ST,,,,,,,21.0,district21@council.nyc.gov
2026-02-05T00:00:00.000,7:30,,,40.73873,-73.81428,"{""latitude"": ""40.73873"", ""longitude"": ""-73.81428"", ""human_address"": ""{\""address\"": \""\"", \""city\"": \""\"", \""state\"": \""\"", \""zip\"": \""\""}""}",,4,0,0,0,0,0,4,0,Unsafe Lane Changing,Unspecified,4876590,Station Wagon/Sport Utility Vehicle,Tractor Truck Diesel,LONG ISLAND EXPRESSWAY,,,,,,,,29.0,District29@council.nyc.gov
2026-02-05T00:00:00.000,19:27,,,40.85169,-73.95238,"{""latitude"": ""40.85169"", ""longitude"": ""-73.95238"", ""human_address"": ""{\""address\"": \""\"", \""city\"": \""\"", \""state\"": \""\"", \""zip\"": \""\""}""}",,3,0,0,0,0,0,3,0,Unspecified,Unspecified,4876883,Tractor Truck Diesel,Sedan,CROSS BRONX EXPY,,,,,,,,36.0,District36@council.nyc.gov
2026-02-05T00:00:00.000,10:30,BROOKLYN,11214.0,40.60195,-73.99381,"{""latitude"": ""40.60195"", ""longitude"": ""-73.99381"", ""human_address"": ""{\""address\"": \""\"", \""city\"": \""\"", \""state\"": \""\"", \""zip\"": \""\""}""}",,2,0,0,0,0,0,2,0,Driver Inattention/Distraction,Unspecified,4876819,Sedan,Sedan,BAY PKWY,86 ST,Unspecified,,,Sedan,,,6.0,District6@council.nyc.gov
2026-02-05T00:00:00.000,3:22,BROOKLYN,11213.0,40.670193,-73.93114,"{""latitude"": ""40.670193"", ""longitude"": ""-73.93114"", ""human_address"": ""{\""address\"": \""\"", \""city\"": \""\"", \""state\"": \""\"", \""zip\"": \""\""}""}",244       UTICA AVE,0,0,0,0,0,0,0,0,Other Vehicular,Driver Inexperience,4876748,Sedan,Delivery t,,,,,,,,,21.0,district21@council.nyc.gov
2026-02-05T00:00:00.000,8:20,,,40.706966,-73.75282,"{""latitude"": ""40.706966"", ""longitude"": ""-73.75282"", ""human_address"": ""{\""address\"": \""\"", \""city\"": \""\"", \""state\"": \""\"", \""zip\"": \""\""}""}",,0,0,0,0,0,0,0,0,Driver Inexperience,Unspecified,4876918,Sedan,Sedan,HOLLIS AVE,205 ST,,,,,,,4.0,KPowers@council.nyc.gov
2026-02-05T00:00:00.000,18:05,BRONX,10460.0,40.842068,-73.88386,"{""latitude"": ""40.842068"", ""longitude"": ""-73.88386"", ""human_address"": ""{\""address\"": \""\"", \""city\"": \""\"", \""state\"": \""\"", \""zip\"": \""\""}""}",1963      DALY AVE,0,0,0,0,0,0,0,0,Passing Too Closely,Unspecified,4876894,Station Wagon/Sport Utility Vehicle,Station Wagon/Sport Utility Vehicle,,,,,,,,,31.0,District31@council.nyc.gov
2026-02-05T00:00:00.000,9:05,QUEENS,11434.0,40.683784,-73.76974,"{""latitude"": ""40.683784"", ""longitude"": ""-73.76974"", ""human_address"": ""{\""address\"": \""\"", \""city\"": \""\"", \""state\"": \""\"", \""zip\"": \""\""}""}",,1,0,0,0,0,0,1,0,Driver Inattention/Distraction,Unspecified,4876953,Sedan,,MERRICK BLVD,BAISLEY BLVD,,,,,,,4.0,KPowers@council.nyc.gov
2026-02-05T00:00:00.000,19:59,BROOKLYN,11206.0,40.708942,-73.94176,"{""latitude"": ""40.708942"", ""longitude"": ""-73.94176"", ""human_address"": ""{\""address\"": \""\"", \""city\"": \""\"", \""state\"": \""\"", \""zip\"": \""\""}""}",,0,0,0,0,0,0,0,0,Backing Unsafely,Unspecified,4876929,Van,Sedan,SCHOLES ST,HUMBOLDT ST,,,,,,,23.0,District23@council.nyc.gov
2026-02-05T00:00:00.000,0:05,,,40.6496,-73.883705,"{""latitude"": ""40.6496"", ""longitude"": ""-73.883705"", ""human_address"": ""{\""address\"": \""\"", \""city\"": \""\"", \""state\"": \""\"", \""zip\"": \""\""}""}",,0,0,0,0,0,0,0,0,Passing or Lane Usage Improper,Unspecified,4876731,Sedan,Sedan,DELMAR LOOP,,,,,,,,19.0,District19@council.nyc.gov
2026-02-05T00:00:00.000,22:16,BROOKLYN,11221.0,40.696358,-73.934135,"{""latitude"": ""40.696358"", ""longitude"": ""-73.934135"", ""human_address"": ""{\""address\"": \""\"", \""city\"": \""\"", \""state\"": \""\"", \""zip\"": \""\""}""}",,1,0,0,0,0,0,1,0,Failure to Yield Right-of-Way,Failure to Yield Right-of-Way,4876946,Moped,Pick-up Truck,BROADWAY,VERNON AVE,,,,,,,11.0,dinowitz@council.nyc.gov
2026-02-05T00:00:00.000,9:00,QUEENS,11362.0,40.75456,-73.72319,"{""latitude"": ""40.75456"", ""longitude"": ""-73.72319"", ""human_address"": ""{\""address\"": \""\"", \""city\"": \""\"", \""state\"": \""\"", \""zip\"": \""\""}""}",,0,0,0,0,0,0,0,0,Glare,Unspecified,4876653,Station Wagon/Sport Utility Vehicle,Station Wagon/Sport Utility Vehicle,LITTLE NECK PKWY,254 ST,Unspecified,Unspecified,,Station Wagon/Sport Utility Vehicle,Station Wagon/Sport Utility Vehicle,,18.0,District18@council.nyc.gov
2026-02-05T00:00:00.000,2:00,BROOKLYN,11217.0,40.681587,-73.98227,"{""latitude"": ""40.681587"", ""longitude"": ""-73.98227"", ""human_address"": ""{\""address\"": \""\"", \""city\"": \""\"", \""state\"": \""\"", \""zip\"": \""\""}""}",574       WARREN ST,0,0,0,0,0,0,0,0,Oversized Vehicle,Unspecified,4876940,Sedan,,,,,,,,,,13.0,District13@council.nyc.gov
2026-02-05T00:00:00.000,0:00,QUEENS,11372.0,40.753536,-73.886894,"{""latitude"": ""40.753536"", ""longitude"": ""-73.886894"", ""human_address"": ""{\""address\"": \""\"", \""city\"": \""\"", \""state\"": \""\"", \""zip\"": \""\""}""}",,1,0,0,0,0,0,1,0,Unspecified,,4876882,Sedan,,80 ST,34 AVE,,,,,,,9.0,district9@council.nyc.gov
2026-02-05T00:00:00.000,18:50,BROOKLYN,11236.0,40.649525,-73.89875,"{""latitude"": ""40.649525"", ""longitude"": ""-73.89875"", ""human_address"": ""{\""address\"": \""\"", \""city\"": \""\"", \""state\"": \""\"", \""zip\"": \""\""}""}",611       E 103 ST,0,0,0,0,0,0,0,0,Backing Unsafely,Unspecified,4876873,Ambulance,Sedan,,,,,,,,,19.0,District19@council.nyc.gov
2026-02-05T00:00:00.000,1:30,QUEENS,11373.0,40.74129,-73.88573,"{""latitude"": ""40.74129"", ""longitude"": ""-73.88573"", ""human_address"": ""{\""address\"": \""\"", \""city\"": \""\"", \""state\"": \""\"", \""zip\"": \""\""}""}",,0,0,0,0,0,0,0,0,Unspecified,Unspecified,4876922,Taxi,UNK,45 AVE,79 ST,,,,,,,9.0,district9@council.nyc.gov
2026-02-05T00:00:00.000,10:02,,,40.87626,-73.903946,"{""latitude"": ""40.87626"", ""longitude"": ""-73.903946"", ""human_address"": ""{\""address\"": \""\"", \""city\"": \""\"", \""state\"": \""\"", \""zip\"": \""\""}""}",,1,0,1,0,0,0,0,0,Turning Improperly,,4876695,Sedan,,W 230 ST,BAILEY AVE,,,,,,,46.0,District46@council.nyc.gov
2026-02-05T00:00:00.000,1:54,BROOKLYN,11208.0,40.668392,-73.88031,"{""latitude"": ""40.668392"", ""longitude"": ""-73.88031"", ""human_address"": ""{\""address\"": \""\"", \""city\"": \""\"", \""state\"": \""\"", \""zip\"": \""\""}""}",,1,0,0,0,0,0,1,0,Other Vehicular,Unspecified,4876732,Convertible,Sedan,ESSEX ST,DUMONT AVE,,,,,,,19.0,District19@council.nyc.gov
2026-02-05T00:00:00.000,20:18,QUEENS,11356.0,40.783222,-73.845856,"{""latitude"": ""40.783222"", ""longitude"": ""-73.845856"", ""human_address"": ""{\""address\"": \""\"", \""city\"": \""\"", \""state\"": \""\"", \""zip\"": \""\""}""}",,0,0,0,0,0,0,0,0,Driver Inattention/Distraction,Unspecified,4876898,Sedan,,18 AVE,COLLEGE POINT BLVD,,,,,,,45.0,District45@council.nyc.gov
2026-02-05T00:00:00.000,12:12,BROOKLYN,11222.0,40.724194,-73.956085,"{""latitude"": ""40.724194"", ""longitude"": ""-73.956085"", ""human_address"": ""{\""address\"": \""\"", \""city\"": \""\"", \""state\"": \""\"", \""zip\"": \""\""}""}",,0,0,0,0,0,0,0,0,Backing Unsafely,Unspecified,4876722,Station Wagon/Sport Utility Vehicle,Box Truck,N 15 ST,GEM ST,,,,,,,17.0,salamanca@council.nyc.gov
2026-02-05T00:00:00.000,15:00,MANHATTAN,10032.0,40.834892,-73.93775,"{""latitude"": ""40.834892"", ""longitude"": ""-73.93775"", ""human_address"": ""{\""address\"": \""\"", \""city\"": \""\"", \""state\"": \""\"", \""zip\"": \""\""}""}",,1,0,0,0,0,0,1,0,Unspecified,Unspecified,4876795,Sedan,Sedan,EDGECOMBE AVE,W 162 ST,,,,,,,36.0,District36@council.nyc.gov
2026-02-05T00:00:00.000,8:50,BRONX,10462.0,40.828953,-73.84403,"{""latitude"": ""40.828953"", ""longitude"": ""-73.84403"", ""human_address"": ""{\""address\"": \""\"", \""city\"": \""\"", \""state\"": \""\"", \""zip\"": \""\""}""}",,0,0,0,0,0,0,0,0,View Obstructed/Limited,Unspecified,4876672,Sedan,Sedan,E 177 ST,ZEREGA AVE,,,,,,,44.0,District44@council.nyc.gov
2026-02-05T00:00:00.000,1:18,,,40.827732,-73.84374,"{""latitude"": ""40.827732"", ""longitude"": ""-73.84374"", ""human_address"": ""{\""address\"": \""\"", \""city\"": \""\"", \""state\"": \""\"", \""zip\"": \""\""}""}",,0,0,0,0,0,0,0,0,Other Vehicular,Unsafe Lane Changing,4876827,Station Wagon/Sport Utility Vehicle,Sedan,BRUCKNER BOULEVARD,ZEREGA AVENUE,,,,,,,44.0,District44@council.nyc.gov
2026-02-05T00:00:00.000,2:00,QUEENS,11368.0,40.744488,-73.85911,"{""latitude"": ""40.744488"", ""longitude"": ""-73.85911"", ""human_address"": ""{\""address\"": \""\"", \""city\"": \""\"", \""state\"": \""\"", \""zip\"": \""\""}""}",48-20     104 ST,0,0,0,0,0,0,0,0,Unspecified,,4876574,Station Wagon/Sport Utility Vehicle,,,,,,,,,,30.0,District30@council.nyc.gov
2026-02-05T00:00:00.000,11:04,QUEENS,11362.0,40.75456,-73.72319,"{""latitude"": ""40.75456"", ""longitude"": ""-73.72319"", ""human_address"": ""{\""address\"": \""\"", \""city\"": \""\"", \""state\"": \""\"", \""zip\"": \""\""}""}",,1,0,0,0,0,0,1,0,View Obstructed/Limited,Unspecified,4876775,Bus,Sedan,LITTLE NECK PKWY,254 ST,Unspecified,,,Station Wagon/Sport Utility Vehicle,,,18.0,District18@council.nyc.gov
2026-02-05T00:00:00.000,13:50,MANHATTAN,10002.0,40.71857,-73.9834,"{""latitude"": ""40.71857"", ""longitude"": ""-73.9834"", ""human_address"": ""{\""address\"": \""\"", \""city\"": \""\"", \""state\"": \""\"", \""zip\"": \""\""}""}",,0,0,0,0,0,0,0,0,Driver Inattention/Distraction,Unspecified,4876942,Sedan,,RIDGE ST,RIVINGTON ST,,,,,,,10.0,District10@council.nyc.gov
2026-02-05T00:00:00.000,11:50,BROOKLYN,11220.0,40.6488,-74.01342,"{""latitude"": ""40.6488"", ""longitude"": ""-74.01342"", ""human_address"": ""{\""address\"": \""\"", \""city\"": \""\"", \""state\"": \""\"", \""zip\"": \""\""}""}",,2,0,0,0,0,0,2,0,Unspecified,Unspecified,4876771,Station Wagon/Sport Utility Vehicle,Carry All,48 ST,3 AVE,,,,,,,5.0,District5@council.nyc.gov
2026-02-05T00:00:00.000,8:40,QUEENS,11433.0,40.691586,-73.79318,"{""latitude"": ""40.691586"", ""longitude"": ""-73.79318"", ""human_address"": ""{\""address\"": \""\"", \""city\"": \""\"", \""state\"": \""\"", \""zip\"": \""\""}""}",,0,0,0,0,0,0,0,0,Driver Inattention/Distraction,Unspecified,4876955,Sedan,,157 ST,110 AVE,,,,,,,50.0,DCarr@council.nyc.gov
2026-02-05T00:00:00.000,7:17,BRONX,10452.0,40.836308,-73.92517,"{""latitude"": ""40.836308"", ""longitude"": ""-73.92517"", ""human_address"": ""{\""address\"": \""\"", \""city\"": \""\"", \""state\"": \""\"", \""zip\"": \""\""}""}",,0,0,0,0,0,0,0,0,Other Vehicular,Other Vehicular,4876799,Bus,Sedan,W 167 ST,WOODYCREST AVE,,,,,,,47.0,AskJB@council.nyc.gov
2026-02-05T00:00:00.000,8:01,MANHATTAN,10034.0,40.863785,-73.91699,"{""latitude"": ""40.863785"", ""longitude"": ""-73.91699"", ""human_address"": ""{\""address\"": \""\"", \""city\"": \""\"", \""state\"": \""\"", \""zip\"": \""\""}""}",,1,0,0,0,0,0,1,0,Driver Inattention/Distraction,Unspecified,4876739,Station Wagon/Sport Utility Vehicle,Station Wagon/Sport Utility Vehicle,W 207 ST,9 AVE,Unspecified,,,Sedan,,,36.0,District36@council.nyc.gov
2026-02-05T00:00:00.000,10:20,MANHATTAN,10029.0,40.792004,-73.95142,"{""latitude"": ""40.792004"", ""longitude"": ""-73.95142"", ""human_address"": ""{\""address\"": \""\"", \""city\"": \""\"", \""state\"": \""\"", \""zip\"": \""\""}""}",19        E 103 ST,0,0,0,0,0,0,0,0,Unspecified,,4876852,Sedan,,,,,,,,,,42.0,District42@council.nyc.gov
2026-02-05T00:00:00.000,15:55,,,40.647358,-73.959435,"{""latitude"": ""40.647358"", ""longitude"": ""-73.959435"", ""human_address"": ""{\""address\"": \""\"", \""city\"": \""\"", \""state\"": \""\"", \""zip\"": \""\""}""}",,3,0,0,0,0,0,3,0,Unspecified,Unspecified,4876911,Bus,Sedan,ALBEMARLE RD,,,,,,,,22.0,District22@council.nyc.gov
2026-02-05T00:00:00.000,15:55,,,40.647358,-73.959435,"{""latitude"": ""40.647358"", ""longitude"": ""-73.959435"", ""human_address"": ""{\""address\"": \""\"", \""city\"": \""\"", \""state\"": \""\"", \""zip\"": \""\""}""}",,3,0,0,0,0,0,3,0,Unspecified,Unspecified,4876911,Bus,Sedan,ALBEMARLE RD,,,,,,,,41.0,District41@council.nyc.gov
2026-02-05T00:00:00.000,7:50,MANHATTAN,10022.0,40.76285,-73.96773,"{""latitude"": ""40.76285"", ""longitude"": ""-73.96773"", ""human_address"": ""{\""address\"": \""\"", \""city\"": \""\"", \""state\"": \""\"", \""zip\"": \""\""}""}",,1,0,0,0,1,0,0,0,Following Too Closely,Other Vehicular,4876646,Bike,Solid wast,LEXINGTON AVE,E 60 ST,,,,,,,14.0,District14@council.nyc.gov
2026-02-05T00:00:00.000,19:05,BRONX,10458.0,40.857372,-73.88602,"{""latitude"": ""40.857372"", ""longitude"": ""-73.88602"", ""human_address"": ""{\""address\"": \""\"", \""city\"": \""\"", \""state\"": \""\"", \""zip\"": \""\""}""}",,0,0,0,0,0,0,0,0,Driver Inattention/Distraction,Driver Inattention/Distraction,4876889,Sedan,Station Wagon/Sport Utility Vehicle,ARTHUR AVE,E 189 ST,,,,,,,31.0,District31@council.nyc.gov
2026-02-05T00:00:00.000,7:00,,,40.621292,-74.02225,"{""latitude"": ""40.621292"", ""longitude"": ""-74.02225"", ""human_address"": ""{\""address\"": \""\"", \""city\"": \""\"", \""state\"": \""\"", \""zip\"": \""\""}""}",,0,0,0,0,0,0,0,0,Other Vehicular,,4876664,Station Wagon/Sport Utility Vehicle,,BROOKLYN QUEENS EXPY (CDR),,,,,,,,38.0,District38@council.nyc.gov
2026-02-05T00:00:00.000,16:44,MANHATTAN,10001.0,40.749672,-73.9953,"{""latitude"": ""40.749672"", ""longitude"": ""-73.9953"", ""human_address"": ""{\""address\"": \""\"", \""city\"": \""\"", \""state\"": \""\"", \""zip\"": \""\""}""}",,0,0,0,0,0,0,0,0,Driver Inattention/Distraction,Driver Inattention/Distraction,4876783,Sedan,Bike,8 AVE,W 30 ST,,,,,,,1.0,District1@council.nyc.gov
2026-02-05T00:00:00.000,8:42,MANHATTAN,10128.0,40.781948,-73.94567,"{""latitude"": ""40.781948"", ""longitude"": ""-73.94567"", ""human_address"": ""{\""address\"": \""\"", \""city\"": \""\"", \""state\"": \""\"", \""zip\"": \""\""}""}",,0,0,0,0,0,0,0,0,Passing Too Closely,Unspecified,4876842,Pick-up Truck,Station Wagon/Sport Utility Vehicle,1 AVE,E 94 ST,,,,,,,16.0,District16@council.nyc.gov
2026-02-05T00:00:00.000,3:15,,,40.68075,-73.76108,"{""latitude"": ""40.68075"", ""longitude"": ""-73.76108"", ""human_address"": ""{\""address\"": \""\"", \""city\"": \""\"", \""state\"": \""\"", \""zip\"": \""\""}""}",127-11    FARMERS BLVD,0,0,0,0,0,0,0,0,Failure to Yield Right-of-Way,Unspecified,4876617,CARRY ON T,Sedan,,,,,,,,,4.0,KPowers@council.nyc.gov
2026-02-05T00:00:00.000,14:00,MANHATTAN,10035.0,40.806416,-73.94226,"{""latitude"": ""40.806416"", ""longitude"": ""-73.94226"", ""human_address"": ""{\""address\"": \""\"", \""city\"": \""\"", \""state\"": \""\"", \""zip\"": \""\""}""}",,0,0,0,0,0,0,0,0,Driver Inattention/Distraction,Unspecified,4876786,Station Wagon/Sport Utility Vehicle,Sedan,E 125 ST,5 AVE,,,,,,,35.0,District35@council.nyc.gov
2026-02-05T00:00:00.000,8:00,,,40.87971,-73.90133,"{""latitude"": ""40.87971"", ""longitude"": ""-73.90133"", ""human_address"": ""{\""address\"": \""\"", \""city\"": \""\"", \""state\"": \""\"", \""zip\"": \""\""}""}",,1,0,1,0,0,0,0,0,Unspecified,,4876903,Tow,,BAILEY AVE,W 233 ST,,,,,,,46.0,District46@council.nyc.gov
2026-02-05T00:00:00.000,12:23,BROOKLYN,11239.0,40.644043,-73.87752,"{""latitude"": ""40.644043"", ""longitude"": ""-73.87752"", ""human_address"": ""{\""address\"": \""\"", \""city\"": \""\"", \""state\"": \""\"", \""zip\"": \""\""}""}",,3,0,0,0,0,0,3,0,Unspecified,Unspecified,4876736,Station Wagon/Sport Utility Vehicle,Station Wagon/Sport Utility Vehicle,PENNSYLVANIA AVE,SEAVIEW AVE,,,,,,,19.0,District19@council.nyc.gov
2026-02-05T00:00:00.000,16:17,,,40.83863,-73.93348,"{""latitude"": ""40.83863"", ""longitude"": ""-73.93348"", ""human_address"": ""{\""address\"": \""\"", \""city\"": \""\"", \""state\"": \""\"", \""zip\"": \""\""}""}",,2,0,0,0,0,0,2,0,Unsafe Speed,Unspecified,4876884,Station Wagon/Sport Utility Vehicle,Station Wagon/Sport Utility Vehicle,HARLEM RIVER DRIVE,,,,,,,,36.0,District36@council.nyc.gov
2026-02-05T00:00:00.000,7:45,BROOKLYN,11233.0,40.6725,-73.916855,"{""latitude"": ""40.6725"", ""longitude"": ""-73.916855"", ""human_address"": ""{\""address\"": \""\"", \""city\"": \""\"", \""state\"": \""\"", \""zip\"": \""\""}""}",,2,0,0,0,0,0,2,0,Driver Inattention/Distraction,Unspecified,4876700,Sedan,Sedan,SARATOGA AVE,PROSPECT PL,,,,,,,12.0,District12@council.nyc.gov
2026-02-05T00:00:00.000,9:15,QUEENS,11385.0,40.711678,-73.86013,"{""latitude"": ""40.711678"", ""longitude"": ""-73.86013"", ""human_address"": ""{\""address\"": \""\"", \""city\"": \""\"", \""state\"": \""\"", \""zip\"": \""\""}""}",71-04     WOODHAVEN BLVD,1,0,1,0,0,0,0,0,Failure to Yield Right-of-Way,,4876818,,,,,,,,,,,40.0,District40@council.nyc.gov
2026-02-05T00:00:00.000,12:44,QUEENS,11432.0,40.71216,-73.78659,"{""latitude"": ""40.71216"", ""longitude"": ""-73.78659"", ""human_address"": ""{\""address\"": \""\"", \""city\"": \""\"", \""state\"": \""\"", \""zip\"": \""\""}""}",175-35    HILLSIDE AVE,2,0,0,0,0,0,2,0,Driver Inattention/Distraction,Unspecified,4876746,Station Wagon/Sport Utility Vehicle,Bus,,,,,,,,,25.0,District25@council.nyc.gov
2026-02-05T00:00:00.000,10:00,QUEENS,11364.0,40.744965,-73.75998,"{""latitude"": ""40.744965"", ""longitude"": ""-73.75998"", ""human_address"": ""{\""address\"": \""\"", \""city\"": \""\"", \""state\"": \""\"", \""zip\"": \""\""}""}",64-37     BELL BLVD,0,0,0,0,0,0,0,0,Driver Inattention/Distraction,Unspecified,4876651,Station Wagon/Sport Utility Vehicle,,,,,,,,,,18.0,District18@council.nyc.gov
2026-02-05T00:00:00.000,12:20,,,40.85477,-73.902985,"{""latitude"": ""40.85477"", ""longitude"": ""-73.902985"", ""human_address"": ""{\""address\"": \""\"", \""city\"": \""\"", \""state\"": \""\"", \""zip\"": \""\""}""}",,0,0,0,0,0,0,0,0,Other Vehicular,Other Vehicular,4876838,Station Wagon/Sport Utility Vehicle,Station Wagon/Sport Utility Vehicle,CRESTON AVE,,,,,,,,46.0,District46@council.nyc.gov
2026-02-05T00:00:00.000,6:00,BROOKLYN,11212.0,40.672062,-73.903595,"{""latitude"": ""40.672062"", ""longitude"": ""-73.903595"", ""human_address"": ""{\""address\"": \""\"", \""city\"": \""\"", \""state\"": \""\"", \""zip\"": \""\""}""}",,0,0,0,0,0,0,0,0,Unspecified,Unspecified,4876848,Sedan,,GLENMORE AVE,JUNIUS ST,,,,,,,28.0,SpeakerAdams@council.nyc.gov
2026-02-05T00:00:00.000,19:14,BRONX,10467.0,40.87987,-73.8799,"{""latitude"": ""40.87987"", ""longitude"": ""-73.8799"", ""human_address"": ""{\""address\"": \""\"", \""city\"": \""\"", \""state\"": \""\"", \""zip\"": \""\""}""}",111       E 210 ST,0,0,0,0,0,0,0,0,Driver Inattention/Distraction,Unspecified,4876872,Sedan,Sedan,,,,,,,,,37.0,District37@council.nyc.gov
2026-02-05T00:00:00.000,13:30,QUEENS,11364.0,40.74915,-73.75572,"{""latitude"": ""40.74915"", ""longitude"": ""-73.75572"", ""human_address"": ""{\""address\"": \""\"", \""city\"": \""\"", \""state\"": \""\"", \""zip\"": \""\""}""}",221-18    HORACE HARDING EXPY,0,0,0,0,0,0,0,0,Driver Inattention/Distraction,Unspecified,4876776,Station Wagon/Sport Utility Vehicle,Station Wagon/Sport Utility Vehicle,,,,,,,,,18.0,District18@council.nyc.gov
2026-02-05T00:00:00.000,8:12,BRONX,10465.0,40.837925,-73.81921,"{""latitude"": ""40.837925"", ""longitude"": ""-73.81921"", ""human_address"": ""{\""address\"": \""\"", \""city\"": \""\"", \""state\"": \""\"", \""zip\"": \""\""}""}",,2,0,0,0,0,0,2,0,Unspecified,Unspecified,4876729,Station Wagon/Sport Utility Vehicle,Sedan,STADIUM AVE,CAMPBELL DR,,,,,,,27.0,District27@council.nyc.gov
2026-02-05T00:00:00.000,8:37,,,40.735,-73.9207,"{""latitude"": ""40.735"", ""longitude"": ""-73.9207"", ""human_address"": ""{\""address\"": \""\"", \""city\"": \""\"", \""state\"": \""\"", \""zip\"": \""\""}""}",,0,0,0,0,0,0,0,0,Driver Inattention/Distraction,Driver Inattention/Distraction,4876921,Pick-up Truck,Sedan,BROOKLYN QUEENS EXPRESSWAY,,,,,,,,48.0,IVernikov@council.nyc.gov
2026-02-05T00:00:00.000,6:50,,,40.684227,-73.9353,"{""latitude"": ""40.684227"", ""longitude"": ""-73.9353"", ""human_address"": ""{\""address\"": \""\"", \""city\"": \""\"", \""state\"": \""\"", \""zip\"": \""\""}""}",,1,0,0,0,0,0,1,0,Driver Inattention/Distraction,Unspecified,4876656,Sedan,Sedan,HANCOCK ST,,,,,,,,11.0,dinowitz@council.nyc.gov
2026-02-05T00:00:00.000,22:47,QUEENS,11356.0,40.78169,-73.84321,"{""latitude"": ""40.78169"", ""longitude"": ""-73.84321"", ""human_address"": ""{\""address\"": \""\"", \""city\"": \""\"", \""state\"": \""\"", \""zip\"": \""\""}""}",,0,0,0,0,0,0,0,0,Unsafe Speed,Unspecified,4876897,Sedan,Sedan,20 AVE,125 ST,,,,,,,45.0,District45@council.nyc.gov
2026-02-05T00:00:00.000,8:00,STATEN ISLAND,10308.0,0.0,0.0,"{""latitude"": ""0.0"", ""longitude"": ""0.0"", ""human_address"": ""{\""address\"": \""\"", \""city\"": \""\"", \""state\"": \""\"", \""zip\"": \""\""}""}",250       LEVERETT AVE,0,0,0,0,0,0,0,0,Driver Inattention/Distraction,Unspecified,4876751,Sedan,,,,,,,,,,,
2026-02-05T00:00:00.000,19:30,QUEENS,11372.0,40.75629,-73.88018,"{""latitude"": ""40.75629"", ""longitude"": ""-73.88018"", ""human_address"": ""{\""address\"": \""\"", \""city\"": \""\"", \""state\"": \""\"", \""zip\"": \""\""}""}",87-15     NORTHERN BLVD,0,0,0,0,0,0,0,0,Unspecified,Unspecified,4876948,Station Wagon/Sport Utility Vehicle,,,,,,,,,,9.0,district9@council.nyc.gov
2026-02-05T00:00:00.000,8:10,BROOKLYN,11218.0,40.642845,-73.97825,"{""latitude"": ""40.642845"", ""longitude"": ""-73.97825"", ""human_address"": ""{\""address\"": \""\"", \""city\"": \""\"", \""state\"": \""\"", \""zip\"": \""\""}""}",,1,0,1,0,0,0,0,0,Failure to Yield Right-of-Way,,4876686,Van,,E 2 ST,BEVERLEY RD,,,,,,,13.0,District13@council.nyc.gov
2026-02-05T00:00:00.000,13:00,MANHATTAN,10039.0,40.832302,-73.935646,"{""latitude"": ""40.832302"", ""longitude"": ""-73.935646"", ""human_address"": ""{\""address\"": \""\"", \""city\"": \""\"", \""state\"": \""\"", \""zip\"": \""\""}""}",159-12    HARLEM RIVER DR,0,0,0,0,0,0,0,0,Unspecified,,4876926,Sedan,,,,,,,,,,35.0,District35@council.nyc.gov
2026-02-05T00:00:00.000,22:00,MANHATTAN,10025.0,40.79398,-73.97228,"{""latitude"": ""40.79398"", ""longitude"": ""-73.97228"", ""human_address"": ""{\""address\"": \""\"", \""city\"": \""\"", \""state\"": \""\"", \""zip\"": \""\""}""}",,1,0,0,0,0,0,1,0,Reaction to Uninvolved Vehicle,Reaction to Uninvolved Vehicle,4876879,Motorcycle,Sedan,BROADWAY,W 95 ST,,,,,,,3.0,District3@council.nyc.gov
2026-02-05T00:00:00.000,18:43,BRONX,10458.0,40.858418,-73.88513,"{""latitude"": ""40.858418"", ""longitude"": ""-73.88513"", ""human_address"": ""{\""address\"": \""\"", \""city\"": \""\"", \""state\"": \""\"", \""zip\"": \""\""}""}",,1,0,0,0,0,0,1,0,Failure to Yield Right-of-Way,Unspecified,4876893,Sedan,Sedan,E FORDHAM RD,ARTHUR AVE,,,,,,,31.0,District31@council.nyc.gov
2026-02-05T00:00:00.000,12:30,MANHATTAN,10075.0,40.775925,-73.96158,"{""latitude"": ""40.775925"", ""longitude"": ""-73.96158"", ""human_address"": ""{\""address\"": \""\"", \""city\"": \""\"", \""state\"": \""\"", \""zip\"": \""\""}""}",58        E 79 ST,0,0,0,0,0,0,0,0,Driver Inattention/Distraction,,4876943,Taxi,,,,,,,,,,14.0,District14@council.nyc.gov
2026-02-05T00:00:00.000,8:00,,,40.877815,-73.86812,"{""latitude"": ""40.877815"", ""longitude"": ""-73.86812"", ""human_address"": ""{\""address\"": \""\"", \""city\"": \""\"", \""state\"": \""\"", \""zip\"": \""\""}""}",,0,0,0,0,0,0,0,0,Passing or Lane Usage Improper,Unspecified,4876699,Garbage or Refuse,Sedan,E GUN HILL RD,OLINVILLE AVE,,,,,,,24.0,District24@council.nyc.gov
2026-02-05T00:00:00.000,7:50,MANHATTAN,10035.0,40.79608,-73.93263,"{""latitude"": ""40.79608"", ""longitude"": ""-73.93263"", ""human_address"": ""{\""address\"": \""\"", \""city\"": \""\"", \""state\"": \""\"", \""zip\"": \""\""}""}",327       PLEASANT AVE,0,0,0,0,0,0,0,0,Backing Unsafely,Unspecified,4876770,Sedan,Sedan,,,,,,,,,42.0,District42@council.nyc.gov
2026-02-05T00:00:00.000,22:10,BROOKLYN,11236.0,40.645638,-73.91271,"{""latitude"": ""40.645638"", ""longitude"": ""-73.91271"", ""human_address"": ""{\""address\"": \""\"", \""city\"": \""\"", \""state\"": \""\"", \""zip\"": \""\""}""}",8926      AVENUE D,0,0,0,0,0,0,0,0,Driver Inexperience,,4876885,Pick-up Truck,,,,,,,,,,19.0,District19@council.nyc.gov
2026-02-05T00:00:00.000,8:14,STATEN ISLAND,10304.0,40.59511,-74.09128,"{""latitude"": ""40.59511"", ""longitude"": ""-74.09128"", ""human_address"": ""{\""address\"": \""\"", \""city\"": \""\"", \""state\"": \""\"", \""zip\"": \""\""}""}",,0,0,0,0,0,0,0,0,Driver Inattention/Distraction,Unspecified,4876939,Station Wagon/Sport Utility Vehicle,Sedan,REMSEN ST,CORNELIA ST,,,,,,,,
2026-02-05T00:00:00.000,6:40,,,40.729145,-73.85968,"{""latitude"": ""40.729145"", ""longitude"": ""-73.85968"", ""human_address"": ""{\""address\"": \""\"", \""city\"": \""\"", \""state\"": \""\"", \""zip\"": \""\""}""}",,0,0,0,0,0,0,0,0,Passing Too Closely,Unspecified,4876675,Station Wagon/Sport Utility Vehicle,Station Wagon/Sport Utility Vehicle,QUEENS BLVD,64 RD,Unspecified,Unspecified,,Station Wagon/Sport Utility Vehicle,Sedan,,49.0,District49@council.nyc.gov
2026-02-05T00:00:00.000,23:30,BRONX,10458.0,40.86609,-73.882675,"{""latitude"": ""40.86609"", ""longitude"": ""-73.882675"", ""human_address"": ""{\""address\"": \""\"", \""city\"": \""\"", \""state\"": \""\"", \""zip\"": \""\""}""}",,0,0,0,0,0,0,0,0,Driver Inattention/Distraction,Unspecified,4876890,Station Wagon/Sport Utility Vehicle,Pick-up Truck,BEDFORD PARK BLVD,SOUTHERN BLVD,,,,,,,31.0,District31@council.nyc.gov
2026-02-05T00:00:00.000,8:27,QUEENS,11423.0,40.711132,-73.76165,"{""latitude"": ""40.711132"", ""longitude"": ""-73.76165"", ""human_address"": ""{\""address\"": \""\"", \""city\"": \""\"", \""state\"": \""\"", \""zip\"": \""\""}""}",,1,0,1,0,0,0,0,0,Driver Inexperience,,4876737,Sedan,,198 ST,99 AVE,,,,,,,4.0,KPowers@council.nyc.gov
2026-02-05T00:00:00.000,3:02,BROOKLYN,11211.0,40.714066,-73.95316,"{""latitude"": ""40.714066"", ""longitude"": ""-73.95316"", ""human_address"": ""{\""address\"": \""\"", \""city\"": \""\"", \""state\"": \""\"", \""zip\"": \""\""}""}",,0,0,0,0,0,0,0,0,Driver Inattention/Distraction,Unspecified,4876933,Box Truck,Sedan,BROOKLYN QUEENS EXPY,METROPOLITAN AVE,,,,,,,17.0,salamanca@council.nyc.gov
2026-02-04T00:00:00.000,19:25,MANHATTAN,10001.0,40.749104,-73.992004,"{""latitude"": ""40.749104"", ""longitude"": ""-73.992004"", ""human_address"": ""{\""address\"": \""\"", \""city\"": \""\"", \""state\"": \""\"", \""zip\"": \""\""}""}",,0,0,0,0,0,0,0,0,Unspecified,Unspecified,4876638,Station Wagon/Sport Utility Vehicle,,W 31 ST,7 AVE,,,,,,,1.0,District1@council.nyc.gov
2026-02-04T00:00:00.000,8:35,BROOKLYN,11213.0,40.67004,-73.93657,"{""latitude"": ""40.67004"", ""longitude"": ""-73.93657"", ""human_address"": ""{\""address\"": \""\"", \""city\"": \""\"", \""state\"": \""\"", \""zip\"": \""\""}""}",,0,0,0,0,0,0,0,0,Unspecified,,4876796,Station Wagon/Sport Utility Vehicle,,TROY AVE,LINCOLN PL,,,,,,,21.0,district21@council.nyc.gov
2026-02-04T00:00:00.000,9:30,,,40.69624,-73.973465,"{""latitude"": ""40.69624"", ""longitude"": ""-73.973465"", ""human_address"": ""{\""address\"": \""\"", \""city\"": \""\"", \""state\"": \""\"", \""zip\"": \""\""}""}",,1,0,1,0,0,0,0,0,Failure to Yield Right-of-Way,,4876621,Station Wagon/Sport Utility Vehicle,,PARK AVE,CARLTON AVE,,,,,,,21.0,district21@council.nyc.gov
2026-02-04T00:00:00.000,18:15,BROOKLYN,11208.0,40.6688,-73.86742,"{""latitude"": ""40.6688"", ""longitude"": ""-73.86742"", ""human_address"": ""{\""address\"": \""\"", \""city\"": \""\"", \""state\"": \""\"", \""zip\"": \""\""}""}",,0,0,0,0,0,0,0,0,Unspecified,Unspecified,4876726,Station Wagon/Sport Utility Vehicle,,LINDEN BLVD,HEMLOCK ST,,,,,,,19.0,District19@council.nyc.gov
2026-02-04T00:00:00.000,0:02,QUEENS,11412.0,40.694473,-73.76203,"{""latitude"": ""40.694473"", ""longitude"": ""-73.76203"", ""human_address"": ""{\""address\"": \""\"", \""city\"": \""\"", \""state\"": \""\"", \""zip\"": \""\""}""}",,4,0,0,0,0,0,4,0,Failure to Yield Right-of-Way,Unspecified,4876249,Sedan,Station Wagon/Sport Utility Vehicle,FARMERS BLVD,TIOGA DR,,,,,,,4.0,KPowers@council.nyc.gov
2026-02-04T00:00:00.000,10:13,BRONX,10451.0,40.825413,-73.92348,"{""latitude"": ""40.825413"", ""longitude"": ""-73.92348"", ""human_address"": ""{\""address\"": \""\"", \""city\"": \""\"", \""state\"": \""\"", \""zip\"": \""\""}""}",,0,0,0,0,0,0,0,0,Backing Unsafely,Unspecified,4876495,Station Wagon/Sport Utility Vehicle,Station Wagon/Sport Utility Vehicle,E 158 ST,GRAND CONC,,,,,,,47.0,AskJB@council.nyc.gov
2026-02-04T00:00:00.000,6:55,BRONX,10458.0,40.857986,-73.89425,"{""latitude"": ""40.857986"", ""longitude"": ""-73.89425"", ""human_address"": ""{\""address\"": \""\"", \""city\"": \""\"", \""state\"": \""\"", \""zip\"": \""\""}""}",2372      WEBSTER AVE,1,0,1,0,0,0,0,0,Failure to Yield Right-of-Way,,4876575,Station Wagon/Sport Utility Vehicle,,,,,,,,,,31.0,District31@council.nyc.gov
2026-02-04T00:00:00.000,7:34,BROOKLYN,11207.0,40.667717,-73.88696,"{""latitude"": ""40.667717"", ""longitude"": ""-73.88696"", ""human_address"": ""{\""address\"": \""\"", \""city\"": \""\"", \""state\"": \""\"", \""zip\"": \""\""}""}",527       SCHENCK AVE,3,0,0,0,0,0,3,0,Unspecified,Unspecified,4876417,Station Wagon/Sport Utility Vehicle,Station Wagon/Sport Utility Vehicle,,,,,,,,,19.0,District19@council.nyc.gov
2026-02-04T00:00:00.000,5:30,MANHATTAN,10002.0,40.716927,-73.983215,"{""latitude"": ""40.716927"", ""longitude"": ""-73.983215"", ""human_address"": ""{\""address\"": \""\"", \""city\"": \""\"", \""state\"": \""\"", \""zip\"": \""\""}""}",,0,0,0,0,0,0,0,0,Unspecified,,4876384,Sedan,Box Truck,DELANCEY ST,PITT ST,,,,,,,10.0,District10@council.nyc.gov
2026-02-04T00:00:00.000,17:10,BROOKLYN,11213.0,,,,,0,0,0,0,0,0,0,0,Passing or Lane Usage Improper,Unspecified,4876808,Sedan,Sedan,SCHENECTADY AVE,ATLANTIC AVE,,,,,,,,
2026-02-04T00:00:00.000,12:30,QUEENS,11373.0,40.736977,-73.8784,"{""latitude"": ""40.736977"", ""longitude"": ""-73.8784"", ""human_address"": ""{\""address\"": \""\"", \""city\"": \""\"", \""state\"": \""\"", \""zip\"": \""\""}""}",,0,0,0,0,0,0,0,0,Unspecified,,4876506,Sedan,,QUEENS BLVD,REEDER ST,,,,,,,49.0,District49@council.nyc.gov
2026-02-04T00:00:00.000,16:47,BROOKLYN,11236.0,40.646572,-73.896164,"{""latitude"": ""40.646572"", ""longitude"": ""-73.896164"", ""human_address"": ""{\""address\"": \""\"", \""city\"": \""\"", \""state\"": \""\"", \""zip\"": \""\""}""}",,3,0,0,0,0,0,3,0,Driver Inattention/Distraction,Driver Inattention/Distraction,4876654,Station Wagon/Sport Utility Vehicle,Station Wagon/Sport Utility Vehicle,FLATLANDS AVE,E 103 ST,Passing or Lane Usage Improper,,,Station Wagon/Sport Utility Vehicle,,,19.0,District19@council.nyc.gov
2026-02-04T00:00:00.000,12:31,BROOKLYN,11249.0,40.704258,-73.96721,"{""latitude"": ""40.704258"", ""longitude"": ""-73.96721"", ""human_address"": ""{\""address\"": \""\"", \""city\"": \""\"", \""state\"": \""\"", \""zip\"": \""\""}""}",,1,0,0,0,0,0,1,0,Other Vehicular,Turning Improperly,4876442,Station Wagon/Sport Utility Vehicle,Bus,KENT AVE,CLYMER ST,Other Vehicular,Other Vehicular,,Station Wagon/Sport Utility Vehicle,,,17.0,salamanca@council.nyc.gov
2026-02-04T00:00:00.000,11:00,QUEENS,11432.0,40.70728,-73.80492,"{""latitude"": ""40.70728"", ""longitude"": ""-73.80492"", ""human_address"": ""{\""address\"": \""\"", \""city\"": \""\"", \""state\"": \""\"", \""zip\"": \""\""}""}",150-49    HILLSIDE AVE,0,0,0,0,0,0,0,0,Brakes Defective,Unspecified,4876501,Sedan,Sedan,,,Unspecified,,,Sedan,,,25.0,District25@council.nyc.gov
2026-02-04T00:00:00.000,8:46,QUEENS,11418.0,40.69818,-73.839775,"{""latitude"": ""40.69818"", ""longitude"": ""-73.839775"", ""human_address"": ""{\""address\"": \""\"", \""city\"": \""\"", \""state\"": \""\"", \""zip\"": \""\""}""}",,1,0,1,0,0,0,0,0,Failure to Yield Right-of-Way,,4876831,Station Wagon/Sport Utility Vehicle,,109 ST,86 AVE,,,,,,,26.0,district26@council.nyc.gov
2026-02-04T00:00:00.000,11:23,QUEENS,11377.0,40.748383,-73.905136,"{""latitude"": ""40.748383"", ""longitude"": ""-73.905136"", ""human_address"": ""{\""address\"": \""\"", \""city\"": \""\"", \""state\"": \""\"", \""zip\"": \""\""}""}",,1,0,0,0,0,0,1,0,Driver Inexperience,Driver Inattention/Distraction,4876428,Sedan,Sedan,58 ST,38 AVE,,,,,,,48.0,IVernikov@council.nyc.gov
2026-02-04T00:00:00.000,19:00,,,40.582924,-73.834564,"{""latitude"": ""40.582924"", ""longitude"": ""-73.834564"", ""human_address"": ""{\""address\"": \""\"", \""city\"": \""\"", \""state\"": \""\"", \""zip\"": \""\""}""}",,2,0,0,0,0,0,2,0,Driver Inattention/Distraction,Unspecified,4876602,Station Wagon/Sport Utility Vehicle,Sedan,BEACH CHANNEL DRIVE,ROCKAWAY FREEWAY,,,,,,,40.0,District40@council.nyc.gov
2026-02-04T00:00:00.000,0:00,,,40.641945,-74.079124,"{""latitude"": ""40.641945"", ""longitude"": ""-74.079124"", ""human_address"": ""{\""address\"": \""\"", \""city\"": \""\"", \""state\"": \""\"", \""zip\"": \""\""}""}",,0,0,0,0,0,0,0,0,Unspecified,,4876580,Station Wagon/Sport Utility Vehicle,,BELMONT PL,,,,,,,,39.0,District39@council.nyc.gov
2026-02-04T00:00:00.000,13:30,MANHATTAN,10065.0,40.768543,-73.96569,"{""latitude"": ""40.768543"", ""longitude"": ""-73.96569"", ""human_address"": ""{\""address\"": \""\"", \""city\"": \""\"", \""state\"": \""\"", \""zip\"": \""\""}""}",,0,0,0,0,0,0,0,0,Passing or Lane Usage Improper,Unspecified,4876625,Station Wagon/Sport Utility Vehicle,Taxi,PARK AVE,E 68 ST,,,,,,,14.0,District14@council.nyc.gov
2026-02-04T00:00:00.000,14:30,QUEENS,11436.0,40.67267,-73.79915,"{""latitude"": ""40.67267"", ""longitude"": ""-73.79915"", ""human_address"": ""{\""address\"": \""\"", \""city\"": \""\"", \""state\"": \""\"", \""zip\"": \""\""}""}",140-19    SUTTER AVE,0,0,0,0,0,0,0,0,Unspecified,,4876915,Sedan,,,,,,,,,,50.0,DCarr@council.nyc.gov
2026-02-04T00:00:00.000,0:00,QUEENS,11417.0,40.684498,-73.83718,"{""latitude"": ""40.684498"", ""longitude"": ""-73.83718"", ""human_address"": ""{\""address\"": \""\"", \""city\"": \""\"", \""state\"": \""\"", \""zip\"": \""\""}""}",,2,0,0,0,0,0,2,0,Driver Inattention/Distraction,Unspecified,4876529,Sedan,Sedan,105 ST,103 AVE,,,,,,,26.0,district26@council.nyc.gov
2026-02-04T00:00:00.000,17:00,,,40.84599,-73.847885,"{""latitude"": ""40.84599"", ""longitude"": ""-73.847885"", ""human_address"": ""{\""address\"": \""\"", \""city\"": \""\"", \""state\"": \""\"", \""zip\"": \""\""}""}",,1,0,1,0,0,0,0,0,,,4876824,,,WILLIAMSBRIDGE RD,SACKET AVE,,,,,,,27.0,District27@council.nyc.gov
2026-02-04T00:00:00.000,14:35,QUEENS,11004.0,40.753326,-73.72208,"{""latitude"": ""40.753326"", ""longitude"": ""-73.72208"", ""human_address"": ""{\""address\"": \""\"", \""city\"": \""\"", \""state\"": \""\"", \""zip\"": \""\""}""}",69-03     LITTLE NECK PKWY,2,0,0,0,0,0,2,0,Driver Inattention/Distraction,Unspecified,4876803,Sedan,Sedan,,,Unspecified,,,Sedan,,,18.0,District18@council.nyc.gov
2026-02-04T00:00:00.000,12:40,,,40.576504,-74.10369,"{""latitude"": ""40.576504"", ""longitude"": ""-74.10369"", ""human_address"": ""{\""address\"": \""\"", \""city\"": \""\"", \""state\"": \""\"", \""zip\"": \""\""}""}",,0,0,0,0,0,0,0,0,Passing Too Closely,Unspecified,4876446,Sedan,Bus,LINCOLN AVE,,,,,,,,,
2026-02-04T00:00:00.000,21:57,MANHATTAN,10022.0,40.76093,-73.96913,"{""latitude"": ""40.76093"", ""longitude"": ""-73.96913"", ""human_address"": ""{\""address\"": \""\"", \""city\"": \""\"", \""state\"": \""\"", \""zip\"": \""\""}""}",,0,0,0,0,0,0,0,0,Driver Inexperience,Unspecified,4876547,Sedan,,E 57 ST,LEXINGTON AVE,,,,,,,14.0,District14@council.nyc.gov
2026-02-04T00:00:00.000,20:08,BRONX,10453.0,40.849052,-73.910065,"{""latitude"": ""40.849052"", ""longitude"": ""-73.910065"", ""human_address"": ""{\""address\"": \""\"", \""city\"": \""\"", \""state\"": \""\"", \""zip\"": \""\""}""}",26        MOUNT HOPE PL,0,0,0,0,0,0,0,0,Unspecified,Unspecified,4876519,Sedan,Sedan,,,,,,,,,46.0,District46@council.nyc.gov
2026-02-04T00:00:00.000,17:50,,,40.763367,-73.95924,"{""latitude"": ""40.763367"", ""longitude"": ""-73.95924"", ""human_address"": ""{\""address\"": \""\"", \""city\"": \""\"", \""state\"": \""\"", \""zip\"": \""\""}""}",,0,0,0,0,0,0,0,0,Driver Inattention/Distraction,Unspecified,4876549,Sedan,Box Truck,1 AVE,,,,,,,,16.0,District16@council.nyc.gov
2026-02-04T00:00:00.000,17:45,MANHATTAN,10029.0,40.78873,-73.94171,"{""latitude"": ""40.78873"", ""longitude"": ""-73.94171"", ""human_address"": ""{\""address\"": \""\"", \""city\"": \""\"", \""state\"": \""\"", \""zip\"": \""\""}""}",341       E 104 ST,0,0,0,0,0,0,0,0,Following Too Closely,Unspecified,4876853,Station Wagon/Sport Utility Vehicle,,,,,,,,,,42.0,District42@council.nyc.gov
2026-02-04T00:00:00.000,0:13,BROOKLYN,11208.0,40.675404,-73.87191,"{""latitude"": ""40.675404"", ""longitude"": ""-73.87191"", ""human_address"": ""{\""address\"": \""\"", \""city\"": \""\"", \""state\"": \""\"", \""zip\"": \""\""}""}",,0,0,0,0,0,0,0,0,Unspecified,Unspecified,4876226,Moped,Station Wagon/Sport Utility Vehicle,PITKIN AVE,EUCLID AVE,,,,,,,19.0,District19@council.nyc.gov
2026-02-04T00:00:00.000,9:00,BROOKLYN,11207.0,40.660484,-73.880554,"{""latitude"": ""40.660484"", ""longitude"": ""-73.880554"", ""human_address"": ""{\""address\"": \""\"", \""city\"": \""\"", \""state\"": \""\"", \""zip\"": \""\""}""}",756       STANLEY AVE,0,0,0,0,0,0,0,0,Following Too Closely,Unspecified,4876418,Tractor Truck Diesel,Station Wagon/Sport Utility Vehicle,,,,,,,,,19.0,District19@council.nyc.gov
2026-02-04T00:00:00.000,6:07,BRONX,10474.0,40.807068,-73.884,"{""latitude"": ""40.807068"", ""longitude"": ""-73.884"", ""human_address"": ""{\""address\"": \""\"", \""city\"": \""\"", \""state\"": \""\"", \""zip\"": \""\""}""}",1313      VIELE AVE,0,0,0,0,0,0,0,0,Driver Inattention/Distraction,Driver Inattention/Distraction,4876478,Sedan,Box Truck,,,,,,,,,32.0,District32@council.nyc.gov
2026-02-04T00:00:00.000,19:43,,,40.652172,-73.9614,"{""latitude"": ""40.652172"", ""longitude"": ""-73.9614"", ""human_address"": ""{\""address\"": \""\"", \""city\"": \""\"", \""state\"": \""\"", \""zip\"": \""\""}""}",,0,0,0,0,0,0,0,0,Driver Inattention/Distraction,Unspecified,4876715,Station Wagon/Sport Utility Vehicle,,CATON AVE,,,,,,,,22.0,District22@council.nyc.gov
2026-02-04T00:00:00.000,19:43,,,40.652172,-73.9614,"{""latitude"": ""40.652172"", ""longitude"": ""-73.9614"", ""human_address"": ""{\""address\"": \""\"", \""city\"": \""\"", \""state\"": \""\"", \""zip\"": \""\""}""}",,0,0,0,0,0,0,0,0,Driver Inattention/Distraction,Unspecified,4876715,Station Wagon/Sport Utility Vehicle,,CATON AVE,,,,,,,,41.0,District41@council.nyc.gov
2026-02-04T00:00:00.000,11:00,MANHATTAN,10037.0,40.810577,-73.935585,"{""latitude"": ""40.810577"", ""longitude"": ""-73.935585"", ""human_address"": ""{\""address\"": \""\"", \""city\"": \""\"", \""state\"": \""\"", \""zip\"": \""\""}""}",1980      PARK AVE,0,0,0,0,0,0,0,0,Backing Unsafely,Unspecified,4876510,Pick-up Truck,Sedan,,,,,,,,,35.0,District35@council.nyc.gov
2026-02-04T00:00:00.000,13:48,STATEN ISLAND,10304.0,40.624474,-74.076836,"{""latitude"": ""40.624474"", ""longitude"": ""-74.076836"", ""human_address"": ""{\""address\"": \""\"", \""city\"": \""\"", \""state\"": \""\"", \""zip\"": \""\""}""}",34        TOMPKINS ST,0,0,0,0,0,0,0,0,Unspecified,,4876582,Pick-up Truck,,,,,,,,,,39.0,District39@council.nyc.gov
2026-02-04T00:00:00.000,11:35,MANHATTAN,10002.0,0.0,0.0,"{""latitude"": ""0.0"", ""longitude"": ""0.0"", ""human_address"": ""{\""address\"": \""\"", \""city\"": \""\"", \""state\"": \""\"", \""zip\"": \""\""}""}",136       DELANCEY ST,1,0,0,0,0,0,1,0,Failure to Yield Right-of-Way,Unspecified,4876406,Station Wagon/Sport Utility Vehicle,Bus,,,,,,,,,,
2026-02-04T00:00:00.000,11:49,BROOKLYN,11230.0,40.618183,-73.95743,"{""latitude"": ""40.618183"", ""longitude"": ""-73.95743"", ""human_address"": ""{\""address\"": \""\"", \""city\"": \""\"", \""state\"": \""\"", \""zip\"": \""\""}""}",1720      AVENUE M,0,0,0,0,0,0,0,0,Driver Inattention/Distraction,Unspecified,4876913,Sedan,,,,,,,,,,33.0,District33@council.nyc.gov
2026-02-04T00:00:00.000,23:40,,,40.754177,-73.9846,"{""latitude"": ""40.754177"", ""longitude"": ""-73.9846"", ""human_address"": ""{\""address\"": \""\"", \""city\"": \""\"", \""state\"": \""\"", \""zip\"": \""\""}""}",,0,0,0,0,0,0,0,0,Driver Inattention/Distraction,Unspecified,4876601,Chassis Cab,Sedan,W 41 ST,,,,,,,,14.0,District14@council.nyc.gov
2026-02-04T00:00:00.000,12:35,BROOKLYN,11211.0,40.70986,-73.95213,"{""latitude"": ""40.70986"", ""longitude"": ""-73.95213"", ""human_address"": ""{\""address\"": \""\"", \""city\"": \""\"", \""state\"": \""\"", \""zip\"": \""\""}""}",390       HOOPER ST,0,0,0,0,0,0,0,0,Driver Inattention/Distraction,Unspecified,4876647,Sedan,Sedan,,,,,,,,,23.0,District23@council.nyc.gov
2026-02-04T00:00:00.000,13:30,QUEENS,11378.0,0.0,0.0,"{""latitude"": ""0.0"", ""longitude"": ""0.0"", ""human_address"": ""{\""address\"": \""\"", \""city\"": \""\"", \""state\"": \""\"", \""zip\"": \""\""}""}",52-50     72 PL,0,0,0,0,0,0,0,0,Pavement Slippery,Unspecified,4876812,Sedan,Pick-up Truck,,,,,,,,,,
2026-02-04T00:00:00.000,15:15,,,40.67134,-73.88194,"{""latitude"": ""40.67134"", ""longitude"": ""-73.88194"", ""human_address"": ""{\""address\"": \""\"", \""city\"": \""\"", \""state\"": \""\"", \""zip\"": \""\""}""}",,0,0,0,0,0,0,0,0,Unspecified,,4876515,Sedan,,LINWOOD ST,,,,,,,,19.0,District19@council.nyc.gov
2026-02-04T00:00:00.000,13:16,,,40.769352,-73.73208,"{""latitude"": ""40.769352"", ""longitude"": ""-73.73208"", ""human_address"": ""{\""address\"": \""\"", \""city\"": \""\"", \""state\"": \""\"", \""zip\"": \""\""}""}",,0,0,0,0,0,0,0,0,Pavement Slippery,,4876540,Station Wagon/Sport Utility Vehicle,,LITTLE NECK PKWY,,,,,,,,45.0,District45@council.nyc.gov
2026-02-04T00:00:00.000,9:15,BRONX,10455.0,40.819405,-73.91347,"{""latitude"": ""40.819405"", ""longitude"": ""-73.91347"", ""human_address"": ""{\""address\"": \""\"", \""city\"": \""\"", \""state\"": \""\"", \""zip\"": \""\""}""}",3006      3 AVE,0,0,0,0,0,0,0,0,Unspecified,,4876741,Taxi,,,,,,,,,,32.0,District32@council.nyc.gov
2026-02-04T00:00:00.000,14:30,BROOKLYN,11214.0,40.597042,-73.98575,"{""latitude"": ""40.597042"", ""longitude"": ""-73.98575"", ""human_address"": ""{\""address\"": \""\"", \""city\"": \""\"", \""state\"": \""\"", \""zip\"": \""\""}""}",,0,0,0,0,0,0,0,0,Unspecified,,4876484,Station Wagon/Sport Utility Vehicle,,BAY 41 ST,86 ST,,,,,,,6.0,District6@council.nyc.gov
2026-02-04T00:00:00.000,8:49,BROOKLYN,11238.0,40.685368,-73.956726,"{""latitude"": ""40.685368"", ""longitude"": ""-73.956726"", ""human_address"": ""{\""address\"": \""\"", \""city\"": \""\"", \""state\"": \""\"", \""zip\"": \""\""}""}",260       GATES AVE,0,0,0,0,0,0,0,0,Unspecified,,4876708,Dump,,,,,,,,,,11.0,dinowitz@council.nyc.gov
2026-02-04T00:00:00.000,10:38,QUEENS,11354.0,0.0,0.0,"{""latitude"": ""0.0"", ""longitude"": ""0.0"", ""human_address"": ""{\""address\"": \""\"", \""city\"": \""\"", \""state\"": \""\"", \""zip\"": \""\""}""}",40-16     UNION ST,0,0,0,0,0,0,0,0,Passing Too Closely,Unspecified,4876558,Box Truck,,,,,,,,,,,
2026-02-04T00:00:00.000,11:17,MANHATTAN,10029.0,40.791435,-73.952,"{""latitude"": ""40.791435"", ""longitude"": ""-73.952"", ""human_address"": ""{\""address\"": \""\"", \""city\"": \""\"", \""state\"": \""\"", \""zip\"": \""\""}""}",17        E 102 ST,0,0,0,0,0,0,0,0,Backing Unsafely,Unspecified,4876840,Sedan,Ambulance,,,,,,,,,42.0,District42@council.nyc.gov
2026-02-04T00:00:00.000,14:22,BROOKLYN,11211.0,40.711838,-73.9543,"{""latitude"": ""40.711838"", ""longitude"": ""-73.9543"", ""human_address"": ""{\""address\"": \""\"", \""city\"": \""\"", \""state\"": \""\"", \""zip\"": \""\""}""}",,0,0,0,0,0,0,0,0,Backing Unsafely,Unspecified,4876594,Sedan,Station Wagon/Sport Utility Vehicle,RODNEY ST,GRAND ST,,,,,,,23.0,District23@council.nyc.gov
2026-02-04T00:00:00.000,16:50,,,40.90358,-73.9126,"{""latitude"": ""40.90358"", ""longitude"": ""-73.9126"", ""human_address"": ""{\""address\"": \""\"", \""city\"": \""\"", \""state\"": \""\"", \""zip\"": \""\""}""}",,2,0,0,0,0,0,2,0,Pavement Slippery,,4876524,Station Wagon/Sport Utility Vehicle,,W 254 ST,,,,,,,,37.0,District37@council.nyc.gov
2026-02-04T00:00:00.000,12:55,MANHATTAN,10011.0,40.73822,-73.99648,"{""latitude"": ""40.73822"", ""longitude"": ""-73.99648"", ""human_address"": ""{\""address\"": \""\"", \""city\"": \""\"", \""state\"": \""\"", \""zip\"": \""\""}""}",101       W 15 ST,1,0,0,0,1,0,0,0,Passing Too Closely,Unsafe Lane Changing,4876785,Bike,Convertible,,,,,,,,,1.0,District1@council.nyc.gov
2026-02-04T00:00:00.000,17:05,,,40.705246,-73.95908,"{""latitude"": ""40.705246"", ""longitude"": ""-73.95908"", ""human_address"": ""{\""address\"": \""\"", \""city\"": \""\"", \""state\"": \""\"", \""zip\"": \""\""}""}",,0,0,0,0,0,0,0,0,Passing or Lane Usage Improper,Passing or Lane Usage Improper,4876905,Station Wagon/Sport Utility Vehicle,Tractor Truck Diesel,BROOKLYN QUEENS EXPRESSWAY,,,,,,,,17.0,salamanca@council.nyc.gov
2026-02-04T00:00:00.000,10:00,BROOKLYN,11217.0,40.687332,-73.98182,"{""latitude"": ""40.687332"", ""longitude"": ""-73.98182"", ""human_address"": ""{\""address\"": \""\"", \""city\"": \""\"", \""state\"": \""\"", \""zip\"": \""\""}""}",,0,0,0,0,0,0,0,0,Unspecified,Unspecified,4876378,Sedan,Sedan,NEVINS ST,SCHERMERHORN ST,,,,,,,17.0,salamanca@council.nyc.gov
2026-02-04T00:00:00.000,3:30,BROOKLYN,11211.0,40.712067,-73.95847,"{""latitude"": ""40.712067"", ""longitude"": ""-73.95847"", ""human_address"": ""{\""address\"": \""\"", \""city\"": \""\"", \""state\"": \""\"", \""zip\"": \""\""}""}",227       S 2 ST,0,0,0,0,0,0,0,0,Pavement Slippery,Unspecified,4876266,Sedan,Station Wagon/Sport Utility Vehicle,,,Unspecified,,,Station Wagon/Sport Utility Vehicle,,,23.0,District23@council.nyc.gov
2026-02-04T00:00:00.000,14:35,BRONX,10473.0,40.815662,-73.85678,"{""latitude"": ""40.815662"", ""longitude"": ""-73.85678"", ""human_address"": ""{\""address\"": \""\"", \""city\"": \""\"", \""state\"": \""\"", \""zip\"": \""\""}""}",,1,0,1,0,0,0,0,0,Driver Inattention/Distraction,,4876445,Station Wagon/Sport Utility Vehicle,,LACOMBE AVE,WHITE PLAINS RD,,,,,,,44.0,District44@council.nyc.gov
2026-02-04T00:00:00.000,18:13,BROOKLYN,11212.0,40.66502,-73.90419,"{""latitude"": ""40.66502"", ""longitude"": ""-73.90419"", ""human_address"": ""{\""address\"": \""\"", \""city\"": \""\"", \""state\"": \""\"", \""zip\"": \""\""}""}",405       DUMONT AVE,0,0,0,0,0,0,0,0,Passing Too Closely,Unspecified,4876534,Bus,Ambulance,,,,,,,,,12.0,District12@council.nyc.gov
2026-02-04T00:00:00.000,11:33,MANHATTAN,10016.0,40.74463,-73.985245,"{""latitude"": ""40.74463"", ""longitude"": ""-73.985245"", ""human_address"": ""{\""address\"": \""\"", \""city\"": \""\"", \""state\"": \""\"", \""zip\"": \""\""}""}",,1,0,1,0,0,0,0,0,Failure to Yield Right-of-Way,,4876639,Sedan,,E 29 ST,MADISON AVE,,,,,,,15.0,District15@council.nyc.gov
2026-02-04T00:00:00.000,21:34,BROOKLYN,11214.0,40.60909,-73.999275,"{""latitude"": ""40.60909"", ""longitude"": ""-73.999275"", ""human_address"": ""{\""address\"": \""\"", \""city\"": \""\"", \""state\"": \""\"", \""zip\"": \""\""}""}",1823      82 ST,2,0,0,0,0,0,2,0,Following Too Closely,Unspecified,4876807,Taxi,,,,,,,,,,5.0,District5@council.nyc.gov
2026-02-04T00:00:00.000,15:34,MANHATTAN,10128.0,40.78069,-73.946594,"{""latitude"": ""40.78069"", ""longitude"": ""-73.946594"", ""human_address"": ""{\""address\"": \""\"", \""city\"": \""\"", \""state\"": \""\"", \""zip\"": \""\""}""}",,0,0,0,0,0,0,0,0,Driver Inattention/Distraction,,4876497,,,E 92 ST,1 AVE,,,,,,,16.0,District16@council.nyc.gov
2026-02-04T00:00:00.000,18:49,BROOKLYN,11208.0,40.663788,-73.86807,"{""latitude"": ""40.663788"", ""longitude"": ""-73.86807"", ""human_address"": ""{\""address\"": \""\"", \""city\"": \""\"", \""state\"": \""\"", \""zip\"": \""\""}""}",,0,0,0,0,0,0,0,0,Unspecified,Unspecified,4876727,Sedan,Station Wagon/Sport Utility Vehicle,WORTMAN AVE,PINE ST,Unspecified,,,Station Wagon/Sport Utility Vehicle,,,19.0,District19@council.nyc.gov
2026-02-04T00:00:00.000,9:00,BRONX,10458.0,40.863903,-73.89428,"{""latitude"": ""40.863903"", ""longitude"": ""-73.89428"", ""human_address"": ""{\""address\"": \""\"", \""city\"": \""\"", \""state\"": \""\"", \""zip\"": \""\""}""}",,0,0,0,0,0,0,0,0,Unspecified,Unspecified,4876348,Station Wagon/Sport Utility Vehicle,Tractor Truck Gasoline,E KINGSBRIDGE RD,E 192 ST,,,,,,,31.0,District31@council.nyc.gov
2026-02-04T00:00:00.000,6:32,BROOKLYN,11215.0,40.66642,-73.975334,"{""latitude"": ""40.66642"", ""longitude"": ""-73.975334"", ""human_address"": ""{\""address\"": \""\"", \""city\"": \""\"", \""state\"": \""\"", \""zip\"": \""\""}""}",,0,0,0,0,0,0,0,0,Backing Unsafely,Unspecified,4876584,Sedan,Station Wagon/Sport Utility Vehicle,PROSPECT PARK W,6 ST,,,,,,,13.0,District13@council.nyc.gov
2026-02-04T00:00:00.000,0:00,,,40.777233,-73.99023,"{""latitude"": ""40.777233"", ""longitude"": ""-73.99023"", ""human_address"": ""{\""address\"": \""\"", \""city\"": \""\"", \""state\"": \""\"", \""zip\"": \""\""}""}",,2,0,0,0,0,0,2,0,Driver Inattention/Distraction,Unsafe Speed,4876571,Sedan,Sedan,HENRY HUDSON PARKWAY,,,,,,,,2.0,District2@council.nyc.gov
2026-02-04T00:00:00.000,20:30,BROOKLYN,11218.0,40.64611,-73.97077,"{""latitude"": ""40.64611"", ""longitude"": ""-73.97077"", ""human_address"": ""{\""address\"": \""\"", \""city\"": \""\"", \""state\"": \""\"", \""zip\"": \""\""}""}",,0,0,0,0,0,0,0,0,Driver Inattention/Distraction,Driver Inattention/Distraction,4876555,Station Wagon/Sport Utility Vehicle,Box Truck,CONEY ISLAND AVE,ALBEMARLE RD,,,,,,,22.0,District22@council.nyc.gov
2026-02-04T00:00:00.000,20:30,BROOKLYN,11218.0,40.64611,-73.97077,"{""latitude"": ""40.64611"", ""longitude"": ""-73.97077"", ""human_address"": ""{\""address\"": \""\"", \""city\"": \""\"", \""state\"": \""\"", \""zip\"": \""\""}""}",,0,0,0,0,0,0,0,0,Driver Inattention/Distraction,Driver Inattention/Distraction,4876555,Station Wagon/Sport Utility Vehicle,Box Truck,CONEY ISLAND AVE,ALBEMARLE RD,,,,,,,41.0,District41@council.nyc.gov
2026-02-04T00:00:00.000,21:30,,,40.90443,-73.878265,"{""latitude"": ""40.90443"", ""longitude"": ""-73.878265"", ""human_address"": ""{\""address\"": \""\"", \""city\"": \""\"", \""state\"": \""\"", \""zip\"": \""\""}""}",,3,0,0,0,0,0,3,0,Following Too Closely,Unspecified,4876778,Station Wagon/Sport Utility Vehicle,Box Truck,MAJOR DEEGAN EXPRESSWAY,,,,,,,,37.0,District37@council.nyc.gov
2026-02-04T00:00:00.000,13:20,MANHATTAN,10022.0,40.759983,-73.964806,"{""latitude"": ""40.759983"", ""longitude"": ""-73.964806"", ""human_address"": ""{\""address\"": \""\"", \""city\"": \""\"", \""state\"": \""\"", \""zip\"": \""\""}""}",,0,0,0,0,0,0,0,0,Driver Inattention/Distraction,Unspecified,4876531,Sedan,Station Wagon/Sport Utility Vehicle,2 AVE,E 58 ST,,,,,,,14.0,District14@council.nyc.gov
2026-02-04T00:00:00.000,12:01,,,40.664017,-73.76859,"{""latitude"": ""40.664017"", ""longitude"": ""-73.76859"", ""human_address"": ""{\""address\"": \""\"", \""city\"": \""\"", \""state\"": \""\"", \""zip\"": \""\""}""}",,1,0,1,0,0,0,0,0,Driver Inattention/Distraction,,4876425,Box Truck,,GUY R BREWER BLVD,FARMERS BLVD,,,,,,,51.0,District51@council.nyc.gov
2026-02-04T00:00:00.000,17:14,,,40.762074,-73.96199,"{""latitude"": ""40.762074"", ""longitude"": ""-73.96199"", ""human_address"": ""{\""address\"": \""\"", \""city\"": \""\"", \""state\"": \""\"", \""zip\"": \""\""}""}",,0,0,0,0,0,0,0,0,Driver Inattention/Distraction,Driver Inattention/Distraction,4876502,Station Wagon/Sport Utility Vehicle,PK,E 62 ST,PEDESTRIAN AND BIKE PATH LINK,,,,,,,16.0,District16@council.nyc.gov
2026-02-04T00:00:00.000,8:30,QUEENS,11423.0,40.720646,-73.76031,"{""latitude"": ""40.720646"", ""longitude"": ""-73.76031"", ""human_address"": ""{\""address\"": \""\"", \""city\"": \""\"", \""state\"": \""\"", \""zip\"": \""\""}""}",,1,0,1,0,0,0,0,0,Failure to Yield Right-of-Way,,4876447,Station Wagon/Sport Utility Vehicle,,HILLSIDE AVE,205 ST,,,,,,,18.0,District18@council.nyc.gov
2026-02-04T00:00:00.000,10:00,BROOKLYN,11201.0,40.6938,-73.98723,"{""latitude"": ""40.6938"", ""longitude"": ""-73.98723"", ""human_address"": ""{\""address\"": \""\"", \""city\"": \""\"", \""state\"": \""\"", \""zip\"": \""\""}""}",,0,0,0,0,0,0,0,0,Driver Inattention/Distraction,Unspecified,4876546,Sedan,Station Wagon/Sport Utility Vehicle,JAY ST,MYRTLE AVE,,,,,,,17.0,salamanca@council.nyc.gov
2026-02-04T00:00:00.000,8:00,,,40.75815,-73.777664,"{""latitude"": ""40.75815"", ""longitude"": ""-73.777664"", ""human_address"": ""{\""address\"": \""\"", \""city\"": \""\"", \""state\"": \""\"", \""zip\"": \""\""}""}",,1,0,0,0,0,0,1,0,Unsafe Speed,Unspecified,4876379,Sedan,Sedan,CLEARVIEW EXPRESSWAY,NORTHERN BOULEVARD,,,,,,,45.0,District45@council.nyc.gov
2026-02-04T00:00:00.000,4:20,BROOKLYN,11236.0,40.640373,-73.89701,"{""latitude"": ""40.640373"", ""longitude"": ""-73.89701"", ""human_address"": ""{\""address\"": \""\"", \""city\"": \""\"", \""state\"": \""\"", \""zip\"": \""\""}""}",,0,0,0,0,0,0,0,0,Unspecified,Unspecified,4876907,Sedan,Sedan,ROCKAWAY PKWY,AVENUE K,,,,,,,7.0,District7@council.nyc.gov
2026-02-04T00:00:00.000,22:27,MANHATTAN,10018.0,40.75591,-73.99447,"{""latitude"": ""40.75591"", ""longitude"": ""-73.99447"", ""human_address"": ""{\""address\"": \""\"", \""city\"": \""\"", \""state\"": \""\"", \""zip\"": \""\""}""}",,1,0,0,0,1,0,0,0,Failure to Yield Right-of-Way,Pedestrian/Bicyclist/Other Pedestrian Error/Confusion,4876600,Station Wagon/Sport Utility Vehicle,Bike,W 38 ST,9 AVE,,,,,,,1.0,District1@council.nyc.gov
2026-02-04T00:00:00.000,15:30,QUEENS,11435.0,40.697903,-73.80381,"{""latitude"": ""40.697903"", ""longitude"": ""-73.80381"", ""human_address"": ""{\""address\"": \""\"", \""city\"": \""\"", \""state\"": \""\"", \""zip\"": \""\""}""}",148-06    97 AVE,0,0,0,0,0,0,0,0,Backing Unsafely,Unspecified,4876606,Bus,Van,,,,,,,,,4.0,KPowers@council.nyc.gov
2026-02-04T00:00:00.000,15:10,BRONX,10457.0,40.84437,-73.889015,"{""latitude"": ""40.84437"", ""longitude"": ""-73.889015"", ""human_address"": ""{\""address\"": \""\"", \""city\"": \""\"", \""state\"": \""\"", \""zip\"": \""\""}""}",,1,0,0,0,1,0,0,0,Following Too Closely,Driver Inattention/Distraction,4876576,Bike,,E TREMONT AVE,PROSPECT AVE,,,,,,,31.0,District31@council.nyc.gov
2026-02-04T00:00:00.000,9:40,BROOKLYN,11237.0,40.70281,-73.92539,"{""latitude"": ""40.70281"", ""longitude"": ""-73.92539"", ""human_address"": ""{\""address\"": \""\"", \""city\"": \""\"", \""state\"": \""\"", \""zip\"": \""\""}""}",,0,0,0,0,0,0,0,0,Passing Too Closely,Unspecified,4876750,Station Wagon/Sport Utility Vehicle,Station Wagon/Sport Utility Vehicle,STARR ST,KNICKERBOCKER AVE,,,,,,,23.0,District23@council.nyc.gov
2026-02-04T00:00:00.000,17:54,QUEENS,11375.0,40.709873,-73.84724,"{""latitude"": ""40.709873"", ""longitude"": ""-73.84724"", ""human_address"": ""{\""address\"": \""\"", \""city\"": \""\"", \""state\"": \""\"", \""zip\"": \""\""}""}",,1,0,1,0,0,0,0,0,Unspecified,,4876511,Sedan,,72 RD,METROPOLITAN AVE,,,,,,,26.0,district26@council.nyc.gov
2026-02-04T00:00:00.000,13:26,QUEENS,11693.0,40.613785,-73.82103,"{""latitude"": ""40.613785"", ""longitude"": ""-73.82103"", ""human_address"": ""{\""address\"": \""\"", \""city\"": \""\"", \""state\"": \""\"", \""zip\"": \""\""}""}",209       CROSS BAY BLVD,0,0,0,0,0,0,0,0,Unspecified,,4876408,Sedan,,,,,,,,,,40.0,District40@council.nyc.gov
2026-02-04T00:00:00.000,17:44,BRONX,10472.0,40.829777,-73.85054,"{""latitude"": ""40.829777"", ""longitude"": ""-73.85054"", ""human_address"": ""{\""address\"": \""\"", \""city\"": \""\"", \""state\"": \""\"", \""zip\"": \""\""}""}",,1,0,1,0,0,0,0,0,Failure to Yield Right-of-Way,,4876670,Standing S,,CASTLE HILL AVE,WATSON AVE,,,,,,,44.0,District44@council.nyc.gov
2026-02-04T00:00:00.000,15:30,BROOKLYN,11223.0,40.59793,-73.98549,"{""latitude"": ""40.59793"", ""longitude"": ""-73.98549"", ""human_address"": ""{\""address\"": \""\"", \""city\"": \""\"", \""state\"": \""\"", \""zip\"": \""\""}""}",,1,0,1,0,0,0,0,0,Failure to Yield Right-of-Way,,4876482,Station Wagon/Sport Utility Vehicle,,AVENUE T,STILLWELL AVE,,,,,,,6.0,District6@council.nyc.gov
2026-02-04T00:00:00.000,0:00,BRONX,10460.0,40.838303,-73.86445,"{""latitude"": ""40.838303"", ""longitude"": ""-73.86445"", ""human_address"": ""{\""address\"": \""\"", \""city\"": \""\"", \""state\"": \""\"", \""zip\"": \""\""}""}",1516      LELAND AVE,1,0,0,0,1,0,0,0,Unspecified,,4876789,Bike,Station Wagon/Sport Utility Vehicle,,,,,,,,,44.0,District44@council.nyc.gov
2026-02-04T00:00:00.000,11:30,,,40.602272,-73.75336,"{""latitude"": ""40.602272"", ""longitude"": ""-73.75336"", ""human_address"": ""{\""address\"": \""\"", \""city\"": \""\"", \""state\"": \""\"", \""zip\"": \""\""}""}",,0,0,0,0,0,0,0,0,Unspecified,Unspecified,4876629,Ambulance,Sedan,CORNAGA AVE,,Unspecified,,,Station Wagon/Sport Utility Vehicle,,,51.0,District51@council.nyc.gov
2026-02-04T00:00:00.000,18:20,MANHATTAN,10014.0,40.72792,-74.00469,"{""latitude"": ""40.72792"", ""longitude"": ""-74.00469"", ""human_address"": ""{\""address\"": \""\"", \""city\"": \""\"", \""state\"": \""\"", \""zip\"": \""\""}""}",45        KING ST,0,0,0,0,0,0,0,0,Unspecified,Unspecified,4876523,Sedan,Box Truck,,,,,,,,,1.0,District1@council.nyc.gov
2026-02-04T00:00:00.000,14:00,QUEENS,11435.0,40.70111,-73.80924,"{""latitude"": ""40.70111"", ""longitude"": ""-73.80924"", ""human_address"": ""{\""address\"": \""\"", \""city\"": \""\"", \""state\"": \""\"", \""zip\"": \""\""}""}",144-31    91 AVE,0,0,0,0,0,0,0,0,Unspecified,Unspecified,4876448,Bus,FORKLIFT,,,,,,,,,25.0,District25@council.nyc.gov
2026-02-04T00:00:00.000,12:30,QUEENS,11432.0,40.725338,-73.7907,"{""latitude"": ""40.725338"", ""longitude"": ""-73.7907"", ""human_address"": ""{\""address\"": \""\"", \""city\"": \""\"", \""state\"": \""\"", \""zip\"": \""\""}""}",176-17    80 RD,0,0,0,0,0,0,0,0,Driver Inattention/Distraction,Unspecified,4876743,Station Wagon/Sport Utility Vehicle,Station Wagon/Sport Utility Vehicle,,,,,,,,,25.0,District25@council.nyc.gov
2026-02-04T00:00:00.000,12:29,QUEENS,11428.0,40.724976,-73.732285,"{""latitude"": ""40.724976"", ""longitude"": ""-73.732285"", ""human_address"": ""{\""address\"": \""\"", \""city\"": \""\"", \""state\"": \""\"", \""zip\"": \""\""}""}",,0,0,0,0,0,0,0,0,Turning Improperly,Unspecified,4876512,Sedan,Station Wagon/Sport Utility Vehicle,EDMORE AVE,224 ST,,,,,,,18.0,District18@council.nyc.gov
2026-02-04T00:00:00.000,17:57,BRONX,10462.0,40.845222,-73.86612,"{""latitude"": ""40.845222"", ""longitude"": ""-73.86612"", ""human_address"": ""{\""address\"": \""\"", \""city\"": \""\"", \""state\"": \""\"", \""zip\"": \""\""}""}",,1,0,1,0,0,0,0,0,Unspecified,,4876680,Station Wagon/Sport Utility Vehicle,,WHITE PLAINS RD,MORRIS PARK AVE,,,,,,,27.0,District27@council.nyc.gov
2026-02-04T00:00:00.000,8:00,MANHATTAN,10029.0,40.789608,-73.95091,"{""latitude"": ""40.789608"", ""longitude"": ""-73.95091"", ""human_address"": ""{\""address\"": \""\"", \""city\"": \""\"", \""state\"": \""\"", \""zip\"": \""\""}""}",1326      PARK AVE,0,0,0,0,0,0,0,0,Other Vehicular,Other Vehicular,4876561,PK,Station Wagon/Sport Utility Vehicle,,,,,,,,,42.0,District42@council.nyc.gov
2026-02-04T00:00:00.000,19:00,QUEENS,11101.0,40.74473,-73.933586,"{""latitude"": ""40.74473"", ""longitude"": ""-73.933586"", ""human_address"": ""{\""address\"": \""\"", \""city\"": \""\"", \""state\"": \""\"", \""zip\"": \""\""}""}",,1,0,1,0,0,0,0,0,Unspecified,,4876844,Taxi,,VAN DAM ST,THOMSON AVE,,,,,,,48.0,IVernikov@council.nyc.gov
2026-02-04T00:00:00.000,14:14,,,40.683727,-73.967964,"{""latitude"": ""40.683727"", ""longitude"": ""-73.967964"", ""human_address"": ""{\""address\"": \""\"", \""city\"": \""\"", \""state\"": \""\"", \""zip\"": \""\""}""}",,0,0,0,0,0,0,0,0,Driver Inattention/Distraction,Unspecified,4876620,Sedan,,FULTON ST,,,,,,,,21.0,district21@council.nyc.gov
2026-02-04T00:00:00.000,18:45,BROOKLYN,11236.0,40.65338,-73.90975,"{""latitude"": ""40.65338"", ""longitude"": ""-73.90975"", ""human_address"": ""{\""address\"": \""\"", \""city\"": \""\"", \""state\"": \""\"", \""zip\"": \""\""}""}",679       E 98 ST,0,0,0,0,0,0,0,0,Unspecified,Unspecified,4876535,Sedan,,,,,,,,,,19.0,District19@council.nyc.gov
2026-02-04T00:00:00.000,14:20,MANHATTAN,10016.0,0.0,0.0,"{""latitude"": ""0.0"", ""longitude"": ""0.0"", ""human_address"": ""{\""address\"": \""\"", \""city\"": \""\"", \""state\"": \""\"", \""zip\"": \""\""}""}",305       5 AVE,0,0,0,0,0,0,0,0,Driver Inattention/Distraction,Unspecified,4876599,Sedan,Station Wagon/Sport Utility Vehicle,,,Unspecified,,,,,,,
2026-02-04T00:00:00.000,21:55,,,40.778606,-73.98162,"{""latitude"": ""40.778606"", ""longitude"": ""-73.98162"", ""human_address"": ""{\""address\"": \""\"", \""city\"": \""\"", \""state\"": \""\"", \""zip\"": \""\""}""}",,0,0,0,0,0,0,0,0,Failure to Yield Right-of-Way,Unspecified,4876570,Sedan,Station Wagon/Sport Utility Vehicle,W 72 ST,,,,,,,,2.0,District2@council.nyc.gov
2026-02-04T00:00:00.000,17:43,,,40.6872,-73.81332,"{""latitude"": ""40.6872"", ""longitude"": ""-73.81332"", ""human_address"": ""{\""address\"": \""\"", \""city\"": \""\"", \""state\"": \""\"", \""zip\"": \""\""}""}",,1,0,1,0,0,0,0,0,Driver Inattention/Distraction,,4876544,Station Wagon/Sport Utility Vehicle,,107 AVE,131 ST,,,,,,,50.0,DCarr@council.nyc.gov
2026-02-04T00:00:00.000,5:00,,,40.664,-73.73488,"{""latitude"": ""40.664"", ""longitude"": ""-73.73488"", ""human_address"": ""{\""address\"": \""\"", \""city\"": \""\"", \""state\"": \""\"", \""zip\"": \""\""}""}",140-11    246 ST,0,0,0,0,0,0,0,0,Passing Too Closely,Unspecified,4876423,Sedan,,,,,,,,,,51.0,District51@council.nyc.gov
2026-02-04T00:00:00.000,18:00,BROOKLYN,11203.0,40.657295,-73.9452,"{""latitude"": ""40.657295"", ""longitude"": ""-73.9452"", ""human_address"": ""{\""address\"": \""\"", \""city\"": \""\"", \""state\"": \""\"", \""zip\"": \""\""}""}",444       WINTHROP ST,0,0,0,0,0,0,0,0,Driver Inattention/Distraction,Unspecified,4876554,Sedan,,,,,,,,,,22.0,District22@council.nyc.gov
2026-02-04T00:00:00.000,18:00,BROOKLYN,11203.0,40.657295,-73.9452,"{""latitude"": ""40.657295"", ""longitude"": ""-73.9452"", ""human_address"": ""{\""address\"": \""\"", \""city\"": \""\"", \""state\"": \""\"", \""zip\"": \""\""}""}",444       WINTHROP ST,0,0,0,0,0,0,0,0,Driver Inattention/Distraction,Unspecified,4876554,Sedan,,,,,,,,,,41.0,District41@council.nyc.gov
2026-02-04T00:00:00.000,16:29,BROOKLYN,11220.0,40.632633,-74.012535,"{""latitude"": ""40.632633"", ""longitude"": ""-74.012535"", ""human_address"": ""{\""address\"": \""\"", \""city\"": \""\"", \""state\"": \""\"", \""zip\"": \""\""}""}",,0,0,0,0,0,0,0,0,Passing or Lane Usage Improper,Unspecified,4876683,Station Wagon/Sport Utility Vehicle,,65 ST,8 AVE,,,,,,,5.0,District5@council.nyc.gov
2026-02-04T00:00:00.000,16:45,BRONX,10463.0,40.88965,-73.90953,"{""latitude"": ""40.88965"", ""longitude"": ""-73.90953"", ""human_address"": ""{\""address\"": \""\"", \""city\"": \""\"", \""state\"": \""\"", \""zip\"": \""\""}""}",541       W 239 ST,0,0,0,0,0,0,0,0,Unspecified,,4876605,Sedan,,,,,,,,,,37.0,District37@council.nyc.gov
2026-02-04T00:00:00.000,15:20,MANHATTAN,10029.0,40.7936,-73.947395,"{""latitude"": ""40.7936"", ""longitude"": ""-73.947395"", ""human_address"": ""{\""address\"": \""\"", \""city\"": \""\"", \""state\"": \""\"", \""zip\"": \""\""}""}",,0,0,0,0,0,0,0,0,Driver Inattention/Distraction,Unspecified,4876857,Station Wagon/Sport Utility Vehicle,Taxi,PARK AVE,E 107 ST,Unspecified,,,Station Wagon/Sport Utility Vehicle,,,42.0,District42@council.nyc.gov
2026-02-04T00:00:00.000,7:49,BROOKLYN,11201.0,40.698246,-73.980545,"{""latitude"": ""40.698246"", ""longitude"": ""-73.980545"", ""human_address"": ""{\""address\"": \""\"", \""city\"": \""\"", \""state\"": \""\"", \""zip\"": \""\""}""}",,3,0,0,0,0,0,3,0,Unspecified,Unspecified,4876343,Taxi,Sedan,FLUSHING AVE,NAVY ST,,,,,,,21.0,district21@council.nyc.gov
2026-02-04T00:00:00.000,7:41,BRONX,10463.0,0.0,0.0,"{""latitude"": ""0.0"", ""longitude"": ""0.0"", ""human_address"": ""{\""address\"": \""\"", \""city\"": \""\"", \""state\"": \""\"", \""zip\"": \""\""}""}",5206      BROADWAY,0,0,0,0,0,0,0,0,Passing or Lane Usage Improper,Unspecified,4876936,Bus,,,,,,,,,,,
2026-02-04T00:00:00.000,14:31,QUEENS,11377.0,40.750874,-73.897285,"{""latitude"": ""40.750874"", ""longitude"": ""-73.897285"", ""human_address"": ""{\""address\"": \""\"", \""city\"": \""\"", \""state\"": \""\"", \""zip\"": \""\""}""}",,1,0,0,0,0,0,1,0,Passing Too Closely,Unspecified,4876787,Taxi,Taxi,BROOKLYN QUEENS EXPY,BQE EB ENTRANCE BROADWAY,,,,,,,9.0,district9@council.nyc.gov
2026-02-04T00:00:00.000,18:54,BROOKLYN,11228.0,40.61998,-74.00552,"{""latitude"": ""40.61998"", ""longitude"": ""-74.00552"", ""human_address"": ""{\""address\"": \""\"", \""city\"": \""\"", \""state\"": \""\"", \""zip\"": \""\""}""}",1354      74 ST,1,0,0,0,0,0,1,0,Driver Inattention/Distraction,Driver Inattention/Distraction,4876522,Station Wagon/Sport Utility Vehicle,Station Wagon/Sport Utility Vehicle,,,,,,,,,5.0,District5@council.nyc.gov
2026-02-04T00:00:00.000,8:42,QUEENS,11433.0,40.703835,-73.77849,"{""latitude"": ""40.703835"", ""longitude"": ""-73.77849"", ""human_address"": ""{\""address\"": \""\"", \""city\"": \""\"", \""state\"": \""\"", \""zip\"": \""\""}""}",,0,0,0,0,0,0,0,0,Driver Inattention/Distraction,Unspecified,4876387,Sedan,Station Wagon/Sport Utility Vehicle,180 ST,106 AVE,,,,,,,4.0,KPowers@council.nyc.gov
2026-02-04T00:00:00.000,16:03,QUEENS,11435.0,40.69756,-73.80498,"{""latitude"": ""40.69756"", ""longitude"": ""-73.80498"", ""human_address"": ""{\""address\"": \""\"", \""city\"": \""\"", \""state\"": \""\"", \""zip\"": \""\""}""}",,0,0,0,0,0,0,0,0,Passing Too Closely,Unspecified,4876607,Sedan,Bus,97 AVE,147 PL,,,,,,,4.0,KPowers@council.nyc.gov
2026-02-04T00:00:00.000,20:20,BRONX,10458.0,40.85908,-73.89818,"{""latitude"": ""40.85908"", ""longitude"": ""-73.89818"", ""human_address"": ""{\""address\"": \""\"", \""city\"": \""\"", \""state\"": \""\"", \""zip\"": \""\""}""}",,1,0,1,0,0,0,0,0,Unspecified,,4876556,Sedan,,E 184 ST,RYER AVE,,,,,,,31.0,District31@council.nyc.gov
2026-02-04T00:00:00.000,17:28,BRONX,10463.0,40.882164,-73.902054,"{""latitude"": ""40.882164"", ""longitude"": ""-73.902054"", ""human_address"": ""{\""address\"": \""\"", \""city\"": \""\"", \""state\"": \""\"", \""zip\"": \""\""}""}",5716      BROADWAY,0,0,0,0,0,0,0,0,Unspecified,,4876718,Station Wagon/Sport Utility Vehicle,,,,,,,,,,37.0,District37@council.nyc.gov
2026-02-04T00:00:00.000,18:00,MANHATTAN,10025.0,40.79656,-73.96282,"{""latitude"": ""40.79656"", ""longitude"": ""-73.96282"", ""human_address"": ""{\""address\"": \""\"", \""city\"": \""\"", \""state\"": \""\"", \""zip\"": \""\""}""}",62        MANHATTAN AVE,0,0,0,0,0,0,0,0,Unspecified,Unspecified,4876508,Sedan,Bus,,,,,,,,,3.0,District3@council.nyc.gov
2026-02-04T00:00:00.000,18:45,QUEENS,11432.0,40.706257,-73.80405,"{""latitude"": ""40.706257"", ""longitude"": ""-73.80405"", ""human_address"": ""{\""address\"": \""\"", \""city\"": \""\"", \""state\"": \""\"", \""zip\"": \""\""}""}",,0,0,0,0,0,0,0,0,Backing Unsafely,Traffic Control Disregarded,4876615,Station Wagon/Sport Utility Vehicle,,153 ST,88 AVE,,,,,,,4.0,KPowers@council.nyc.gov
2026-02-04T00:00:00.000,17:50,,,40.623737,-74.15048,"{""latitude"": ""40.623737"", ""longitude"": ""-74.15048"", ""human_address"": ""{\""address\"": \""\"", \""city\"": \""\"", \""state\"": \""\"", \""zip\"": \""\""}""}",970       RICHMOND AVE,0,0,0,0,0,0,0,0,Driver Inattention/Distraction,Unspecified,4876659,Sedan,Station Wagon/Sport Utility Vehicle,,,,,,,,,39.0,District39@council.nyc.gov
2026-02-04T00:00:00.000,7:40,BROOKLYN,11233.0,40.676445,-73.92761,"{""latitude"": ""40.676445"", ""longitude"": ""-73.92761"", ""human_address"": ""{\""address\"": \""\"", \""city\"": \""\"", \""state\"": \""\"", \""zip\"": \""\""}""}",,0,0,0,0,0,0,0,0,Traffic Control Disregarded,,4876860,Sedan,,PACIFIC ST,ROCHESTER AVE,,,,,,,12.0,District12@council.nyc.gov
2026-02-04T00:00:00.000,11:25,BROOKLYN,11201.0,40.68707,-73.9938,"{""latitude"": ""40.68707"", ""longitude"": ""-73.9938"", ""human_address"": ""{\""address\"": \""\"", \""city\"": \""\"", \""state\"": \""\"", \""zip\"": \""\""}""}",200       COURT ST,0,0,0,0,0,0,0,0,Unspecified,Unspecified,4876876,Pick-up Truck,Sedan,,,,,,,,,13.0,District13@council.nyc.gov
2026-02-04T00:00:00.000,13:26,,,40.70324,-73.92614,"{""latitude"": ""40.70324"", ""longitude"": ""-73.92614"", ""human_address"": ""{\""address\"": \""\"", \""city\"": \""\"", \""state\"": \""\"", \""zip\"": \""\""}""}",,0,0,0,0,0,0,0,0,Driver Inattention/Distraction,Unspecified,4876452,Sedan,Snow Plow,TROUTMAN ST,,,,,,,,23.0,District23@council.nyc.gov
2026-02-04T00:00:00.000,7:15,BROOKLYN,11219.0,40.63981,-73.995514,"{""latitude"": ""40.63981"", ""longitude"": ""-73.995514"", ""human_address"": ""{\""address\"": \""\"", \""city\"": \""\"", \""state\"": \""\"", \""zip\"": \""\""}""}",,1,0,1,0,0,0,0,0,Driver Inattention/Distraction,,4876536,Bus,,46 ST,FORT HAMILTON PKWY,,,,,,,5.0,District5@council.nyc.gov
2026-02-04T00:00:00.000,8:31,MANHATTAN,10016.0,40.746304,-73.97166,"{""latitude"": ""40.746304"", ""longitude"": ""-73.97166"", ""human_address"": ""{\""address\"": \""\"", \""city\"": \""\"", \""state\"": \""\"", \""zip\"": \""\""}""}",,1,0,1,0,0,0,0,0,Driver Inattention/Distraction,,4876421,Sedan,,1 AVE,E 38 ST,,,,,,,14.0,District14@council.nyc.gov
2026-02-04T00:00:00.000,12:41,MANHATTAN,10128.0,40.78655,-73.95255,"{""latitude"": ""40.78655"", ""longitude"": ""-73.95255"", ""human_address"": ""{\""address\"": \""\"", \""city\"": \""\"", \""state\"": \""\"", \""zip\"": \""\""}""}",,0,0,0,0,0,0,0,0,Unsafe Lane Changing,Unspecified,4876562,Sedan,Sedan,E 96 ST,PARK AVE,,,,,,,42.0,District42@council.nyc.gov
2026-02-04T00:00:00.000,12:26,QUEENS,11101.0,40.75757,-73.93862,"{""latitude"": ""40.75757"", ""longitude"": ""-73.93862"", ""human_address"": ""{\""address\"": \""\"", \""city\"": \""\"", \""state\"": \""\"", \""zip\"": \""\""}""}",37-45     21 ST,1,0,1,0,0,0,0,0,Failure to Yield Right-of-Way,,4876597,Sedan,,,,,,,,,,48.0,IVernikov@council.nyc.gov
2026-02-04T00:00:00.000,16:54,BROOKLYN,11213.0,40.67132,-73.92809,"{""latitude"": ""40.67132"", ""longitude"": ""-73.92809"", ""human_address"": ""{\""address\"": \""\"", \""city\"": \""\"", \""state\"": \""\"", \""zip\"": \""\""}""}",,0,0,0,0,0,0,0,0,Unspecified,,4876753,Sedan,,ROCHESTER AVE,STERLING PL,,,,,,,11.0,dinowitz@council.nyc.gov
2026-02-04T00:00:00.000,7:17,,,40.691948,-73.81063,"{""latitude"": ""40.691948"", ""longitude"": ""-73.81063"", ""human_address"": ""{\""address\"": \""\"", \""city\"": \""\"", \""state\"": \""\"", \""zip\"": \""\""}""}",,0,0,0,0,0,0,0,0,Passing Too Closely,Following Too Closely,4876323,Bus,Station Wagon/Sport Utility Vehicle,LIBERTY AVENUE,I 678,,,,,,,50.0,DCarr@council.nyc.gov
2026-02-04T00:00:00.000,17:46,,,40.716213,-73.80314,"{""latitude"": ""40.716213"", ""longitude"": ""-73.80314"", ""human_address"": ""{\""address\"": \""\"", \""city\"": \""\"", \""state\"": \""\"", \""zip\"": \""\""}""}",,1,0,0,0,0,0,1,0,Other Vehicular,Driver Inattention/Distraction,4876541,Station Wagon/Sport Utility Vehicle,Station Wagon/Sport Utility Vehicle,164 STREET,GRAND CENTRAL PARKWAY,,,,,,,25.0,District25@council.nyc.gov
2026-02-04T00:00:00.000,14:46,STATEN ISLAND,10305.0,40.59791,-74.0836,"{""latitude"": ""40.59791"", ""longitude"": ""-74.0836"", ""human_address"": ""{\""address\"": \""\"", \""city\"": \""\"", \""state\"": \""\"", \""zip\"": \""\""}""}",,2,0,0,0,0,0,2,0,Other Vehicular,Following Too Closely,4876688,Station Wagon/Sport Utility Vehicle,Bus,HYLAN BLVD,PARKINSON AVE,,,,,,,,
2026-02-04T00:00:00.000,11:29,BROOKLYN,11226.0,40.652355,-73.94957,"{""latitude"": ""40.652355"", ""longitude"": ""-73.94957"", ""human_address"": ""{\""address\"": \""\"", \""city\"": \""\"", \""state\"": \""\"", \""zip\"": \""\""}""}",1395      NOSTRAND AVE,2,0,0,0,0,0,2,0,Other Vehicular,Passing or Lane Usage Improper,4876438,Sedan,Sedan,,,,,,,,,22.0,District22@council.nyc.gov
2026-02-04T00:00:00.000,11:29,BROOKLYN,11226.0,40.652355,-73.94957,"{""latitude"": ""40.652355"", ""longitude"": ""-73.94957"", ""human_address"": ""{\""address\"": \""\"", \""city\"": \""\"", \""state\"": \""\"", \""zip\"": \""\""}""}",1395      NOSTRAND AVE,2,0,0,0,0,0,2,0,Other Vehicular,Passing or Lane Usage Improper,4876438,Sedan,Sedan,,,,,,,,,41.0,District41@council.nyc.gov
2026-02-04T00:00:00.000,10:29,BRONX,10451.0,40.827812,-73.92593,"{""latitude"": ""40.827812"", ""longitude"": ""-73.92593"", ""human_address"": ""{\""address\"": \""\"", \""city\"": \""\"", \""state\"": \""\"", \""zip\"": \""\""}""}",,1,0,1,0,0,0,0,0,Traffic Control Disregarded,,4876493,Sedan,,E 161 ST,RIVER AVE,,,,,,,47.0,AskJB@council.nyc.gov
2026-02-04T00:00:00.000,14:45,,,40.762093,-73.75691,"{""latitude"": ""40.762093"", ""longitude"": ""-73.75691"", ""human_address"": ""{\""address\"": \""\"", \""city\"": \""\"", \""state\"": \""\"", \""zip\"": \""\""}""}",,0,0,0,0,0,0,0,0,Following Too Closely,Unspecified,4876830,Sedan,Sedan,CROSS ISLAND PARKWAY,,,,,,,,18.0,District18@council.nyc.gov
2026-02-04T00:00:00.000,18:35,BROOKLYN,11201.0,40.690025,-73.97747,"{""latitude"": ""40.690025"", ""longitude"": ""-73.97747"", ""human_address"": ""{\""address\"": \""\"", \""city\"": \""\"", \""state\"": \""\"", \""zip\"": \""\""}""}",121       DEKALB AVE,0,0,0,0,0,0,0,0,Driver Inattention/Distraction,Unspecified,4876550,Ambulance,Station Wagon/Sport Utility Vehicle,,,,,,,,,21.0,district21@council.nyc.gov
2026-02-04T00:00:00.000,13:45,BROOKLYN,11211.0,40.712536,-73.94235,"{""latitude"": ""40.712536"", ""longitude"": ""-73.94235"", ""human_address"": ""{\""address\"": \""\"", \""city\"": \""\"", \""state\"": \""\"", \""zip\"": \""\""}""}",,0,0,0,0,0,0,0,0,Driver Inattention/Distraction,Unspecified,4876603,Sedan,,HUMBOLDT ST,POWERS ST,,,,,,,23.0,District23@council.nyc.gov
2026-02-04T00:00:00.000,0:20,BROOKLYN,11212.0,40.667156,-73.910095,"{""latitude"": ""40.667156"", ""longitude"": ""-73.910095"", ""human_address"": ""{\""address\"": \""\"", \""city\"": \""\"", \""state\"": \""\"", \""zip\"": \""\""}""}",,0,0,0,0,0,0,0,0,Backing Unsafely,Unspecified,4876243,Sedan,Station Wagon/Sport Utility Vehicle,ROCKAWAY AVE,SUTTER AVE,,,,,,,12.0,District12@council.nyc.gov
2026-02-04T00:00:00.000,9:36,QUEENS,11364.0,40.746723,-73.75801,"{""latitude"": ""40.746723"", ""longitude"": ""-73.75801"", ""human_address"": ""{\""address\"": \""\"", \""city\"": \""\"", \""state\"": \""\"", \""zip\"": \""\""}""}",,0,0,0,0,0,0,0,0,Other Vehicular,Other Vehicular,4876628,Station Wagon/Sport Utility Vehicle,Station Wagon/Sport Utility Vehicle,219 ST,64 AVE,,,,,,,18.0,District18@council.nyc.gov
2026-02-04T00:00:00.000,16:30,,,40.74982,-73.939,"{""latitude"": ""40.74982"", ""longitude"": ""-73.939"", ""human_address"": ""{\""address\"": \""\"", \""city\"": \""\"", \""state\"": \""\"", \""zip\"": \""\""}""}",,0,0,0,0,0,0,0,0,Driver Inattention/Distraction,Driver Inattention/Distraction,4876916,Sedan,Station Wagon/Sport Utility Vehicle,28 STREET,QUEENS PLAZA,,,,,,,48.0,IVernikov@council.nyc.gov
2026-02-04T00:00:00.000,21:40,,,40.830456,-73.940346,"{""latitude"": ""40.830456"", ""longitude"": ""-73.940346"", ""human_address"": ""{\""address\"": \""\"", \""city\"": \""\"", \""state\"": \""\"", \""zip\"": \""\""}""}",,0,0,0,0,0,0,0,0,Unspecified,Unspecified,4876958,Station Wagon/Sport Utility Vehicle,Station Wagon/Sport Utility Vehicle,W 155 ST,EDGECOMBE AVE,,,,,,,35.0,District35@council.nyc.gov
2026-02-04T00:00:00.000,13:00,MANHATTAN,10039.0,40.822712,-73.93785,"{""latitude"": ""40.822712"", ""longitude"": ""-73.93785"", ""human_address"": ""{\""address\"": \""\"", \""city\"": \""\"", \""state\"": \""\"", \""zip\"": \""\""}""}",164       W 147 ST,0,0,0,0,0,0,0,0,Driver Inattention/Distraction,Unspecified,4876760,Station Wagon/Sport Utility Vehicle,,,,,,,,,,35.0,District35@council.nyc.gov
2026-02-04T00:00:00.000,15:49,QUEENS,11364.0,40.74084,-73.75829,"{""latitude"": ""40.74084"", ""longitude"": ""-73.75829"", ""human_address"": ""{\""address\"": \""\"", \""city\"": \""\"", \""state\"": \""\"", \""zip\"": \""\""}""}",,0,0,0,0,0,0,0,0,Failure to Yield Right-of-Way,Unspecified,4876480,Sedan,Sedan,BELL BLVD,73 AVE,,,,,,,18.0,District18@council.nyc.gov
2026-02-04T00:00:00.000,9:35,,,40.8324,-73.89072,"{""latitude"": ""40.8324"", ""longitude"": ""-73.89072"", ""human_address"": ""{\""address\"": \""\"", \""city\"": \""\"", \""state\"": \""\"", \""zip\"": \""\""}""}",,1,0,1,0,0,0,0,0,,,4876849,Station Wagon/Sport Utility Vehicle,,JENNINGS ST,,,,,,,,32.0,District32@council.nyc.gov
2026-02-04T00:00:00.000,9:00,QUEENS,11358.0,40.753914,-73.80674,"{""latitude"": ""40.753914"", ""longitude"": ""-73.80674"", ""human_address"": ""{\""address\"": \""\"", \""city\"": \""\"", \""state\"": \""\"", \""zip\"": \""\""}""}",,1,0,0,0,0,0,1,0,Driver Inattention/Distraction,Unspecified,4876557,Sedan,,46 AVE,160 ST,,,,,,,29.0,District29@council.nyc.gov
2026-02-04T00:00:00.000,11:58,STATEN ISLAND,10304.0,40.61961,-74.08346,"{""latitude"": ""40.61961"", ""longitude"": ""-74.08346"", ""human_address"": ""{\""address\"": \""\"", \""city\"": \""\"", \""state\"": \""\"", \""zip\"": \""\""}""}",303       GORDON ST,0,0,0,0,0,0,0,0,Unspecified,,4876581,garbage tr,,,,,,,,,,39.0,District39@council.nyc.gov
2026-02-04T00:00:00.000,5:30,,,40.66348,-73.78154,"{""latitude"": ""40.66348"", ""longitude"": ""-73.78154"", ""human_address"": ""{\""address\"": \""\"", \""city\"": \""\"", \""state\"": \""\"", \""zip\"": \""\""}""}",145-69    157 ST,0,0,0,0,0,0,0,0,Turning Improperly,Unspecified,4876609,Station Wagon/Sport Utility Vehicle,,,,,,,,,,51.0,District51@council.nyc.gov
2026-02-04T00:00:00.000,12:02,,,40.63451,-73.94945,"{""latitude"": ""40.63451"", ""longitude"": ""-73.94945"", ""human_address"": ""{\""address\"": \""\"", \""city\"": \""\"", \""state\"": \""\"", \""zip\"": \""\""}""}",,1,0,1,0,0,0,0,0,Failure to Yield Right-of-Way,,4876460,Station Wagon/Sport Utility Vehicle,,FLATBUSH AVE,GLENWOOD RD,,,,,,,20.0,district20@council.nyc.gov
2026-02-04T00:00:00.000,22:30,QUEENS,11365.0,40.738716,-73.78721,"{""latitude"": ""40.738716"", ""longitude"": ""-73.78721"", ""human_address"": ""{\""address\"": \""\"", \""city\"": \""\"", \""state\"": \""\"", \""zip\"": \""\""}""}",,2,0,0,0,0,0,2,0,Turning Improperly,Unspecified,4876539,Sedan,,186 LN,64 AVE,,,,,,,18.0,District18@council.nyc.gov
2026-02-04T00:00:00.000,18:00,QUEENS,11434.0,40.67655,-73.76837,"{""latitude"": ""40.67655"", ""longitude"": ""-73.76837"", ""human_address"": ""{\""address\"": \""\"", \""city\"": \""\"", \""state\"": \""\"", \""zip\"": \""\""}""}",,1,0,1,0,0,0,0,0,Reaction to Uninvolved Vehicle,,4876573,Station Wagon/Sport Utility Vehicle,,BEDELL ST,133 AVE,,,,,,,4.0,KPowers@council.nyc.gov
2026-02-04T00:00:00.000,15:40,BROOKLYN,11221.0,40.69122,-73.93968,"{""latitude"": ""40.69122"", ""longitude"": ""-73.93968"", ""human_address"": ""{\""address\"": \""\"", \""city\"": \""\"", \""state\"": \""\"", \""zip\"": \""\""}""}",,1,0,1,0,0,0,0,0,Driver Inattention/Distraction,,4876709,Pick-up Truck,,MARCUS GARVEY BLVD,LAFAYETTE AVE,,,,,,,11.0,dinowitz@council.nyc.gov
2026-02-04T00:00:00.000,18:19,BROOKLYN,11233.0,40.67308,-73.91123,"{""latitude"": ""40.67308"", ""longitude"": ""-73.91123"", ""human_address"": ""{\""address\"": \""\"", \""city\"": \""\"", \""state\"": \""\"", \""zip\"": \""\""}""}",,1,0,0,0,0,0,1,0,Unspecified,Unspecified,4876740,Station Wagon/Sport Utility Vehicle,,EASTERN PKWY,ROCKAWAY AVE,,,,,,,28.0,SpeakerAdams@council.nyc.gov
2026-02-04T00:00:00.000,20:36,MANHATTAN,10027.0,40.81109,-73.952934,"{""latitude"": ""40.81109"", ""longitude"": ""-73.952934"", ""human_address"": ""{\""address\"": \""\"", \""city\"": \""\"", \""state\"": \""\"", \""zip\"": \""\""}""}",357       W 125 ST,1,0,0,0,0,0,1,0,Unspecified,Unspecified,4876811,Sedan,Box Truck,,,,,,,,,35.0,District35@council.nyc.gov
2026-02-04T00:00:00.000,17:45,QUEENS,11414.0,40.649544,-73.83456,"{""latitude"": ""40.649544"", ""longitude"": ""-73.83456"", ""human_address"": ""{\""address\"": \""\"", \""city\"": \""\"", \""state\"": \""\"", \""zip\"": \""\""}""}",,0,0,0,0,0,0,0,0,Driver Inattention/Distraction,,4876528,Sedan,,165 AVE,96 ST,,,,,,,40.0,District40@council.nyc.gov
2026-02-04T00:00:00.000,5:20,QUEENS,11373.0,40.742786,-73.88263,"{""latitude"": ""40.742786"", ""longitude"": ""-73.88263"", ""human_address"": ""{\""address\"": \""\"", \""city\"": \""\"", \""state\"": \""\"", \""zip\"": \""\""}""}",,1,0,1,0,0,0,0,0,Driver Inattention/Distraction,,4876388,Station Wagon/Sport Utility Vehicle,,BROADWAY,BRITTON AVE,,,,,,,9.0,district9@council.nyc.gov
2026-02-04T00:00:00.000,15:50,MANHATTAN,10007.0,40.713924,-74.00398,"{""latitude"": ""40.713924"", ""longitude"": ""-74.00398"", ""human_address"": ""{\""address\"": \""\"", \""city\"": \""\"", \""state\"": \""\"", \""zip\"": \""\""}""}",10        READE ST,0,0,0,0,0,0,0,0,Driver Inattention/Distraction,Unspecified,4876518,Sedan,Sedan,,,,,,,,,10.0,District10@council.nyc.gov
2026-02-04T00:00:00.000,15:00,,,40.846443,-73.826004,"{""latitude"": ""40.846443"", ""longitude"": ""-73.826004"", ""human_address"": ""{\""address\"": \""\"", \""city\"": \""\"", \""state\"": \""\"", \""zip\"": \""\""}""}",,1,0,0,0,0,0,1,0,Unspecified,Unspecified,4876862,Sedan,TRUCJ,BRUCKNER EXPRESSWAY,,,,,,,,27.0,District27@council.nyc.gov
2026-02-04T00:00:00.000,14:24,,,40.847897,-73.94523,"{""latitude"": ""40.847897"", ""longitude"": ""-73.94523"", ""human_address"": ""{\""address\"": \""\"", \""city\"": \""\"", \""state\"": \""\"", \""zip\"": \""\""}""}",,0,0,0,0,0,0,0,0,Other Vehicular,Other Vehicular,4876488,Station Wagon/Sport Utility Vehicle,Station Wagon/Sport Utility Vehicle,HENRY HUDSON PARKWAY,,,,,,,,36.0,District36@council.nyc.gov
2026-02-04T00:00:00.000,3:44,,,40.608437,-74.15543,"{""latitude"": ""40.608437"", ""longitude"": ""-74.15543"", ""human_address"": ""{\""address\"": \""\"", \""city\"": \""\"", \""state\"": \""\"", \""zip\"": \""\""}""}",,1,0,0,0,0,0,1,0,Unspecified,,4876375,Sedan,,CHRISTOPHER LN,VICTORY BLVD,,,,,,,,
2026-02-04T00:00:00.000,2:30,,,40.631954,-74.14666,"{""latitude"": ""40.631954"", ""longitude"": ""-74.14666"", ""human_address"": ""{\""address\"": \""\"", \""city\"": \""\"", \""state\"": \""\"", \""zip\"": \""\""}""}",,2,0,0,0,0,0,2,0,Unspecified,Unspecified,4876312,Station Wagon/Sport Utility Vehicle,Sedan,HOOKER PL,MORNINGSTAR RD,,,,,,,39.0,District39@council.nyc.gov
2026-02-04T00:00:00.000,9:00,MANHATTAN,10003.0,40.728573,-73.990395,"{""latitude"": ""40.728573"", ""longitude"": ""-73.990395"", ""human_address"": ""{\""address\"": \""\"", \""city\"": \""\"", \""state\"": \""\"", \""zip\"": \""\""}""}",41        COOPER SQ,0,0,0,0,0,0,0,0,Passing Too Closely,Unspecified,4876564,Box Truck,,,,,,,,,,15.0,District15@council.nyc.gov
2026-02-04T00:00:00.000,9:50,,,40.743187,-73.97206,"{""latitude"": ""40.743187"", ""longitude"": ""-73.97206"", ""human_address"": ""{\""address\"": \""\"", \""city\"": \""\"", \""state\"": \""\"", \""zip\"": \""\""}""}",,1,0,0,0,0,0,1,0,Driver Inattention/Distraction,Unspecified,4876591,Station Wagon/Sport Utility Vehicle,Station Wagon/Sport Utility Vehicle,E 34 ST,FRANKLIN D ROOSEVELT DR,,,,,,,14.0,District14@council.nyc.gov
2026-02-04T00:00:00.000,9:26,BROOKLYN,11233.0,40.67629,-73.91001,"{""latitude"": ""40.67629"", ""longitude"": ""-73.91001"", ""human_address"": ""{\""address\"": \""\"", \""city\"": \""\"", \""state\"": \""\"", \""zip\"": \""\""}""}",,0,0,0,0,0,0,0,0,Driver Inattention/Distraction,Unspecified,4876532,Sedan,Station Wagon/Sport Utility Vehicle,ATLANTIC AVE,PLEASANT PL,Unspecified,,,Box Truck,,,28.0,SpeakerAdams@council.nyc.gov
2026-02-04T00:00:00.000,10:30,BRONX,10459.0,40.820007,-73.89635,"{""latitude"": ""40.820007"", ""longitude"": ""-73.89635"", ""human_address"": ""{\""address\"": \""\"", \""city\"": \""\"", \""state\"": \""\"", \""zip\"": \""\""}""}",909       KELLY ST,0,0,0,0,0,0,0,0,Unspecified,Unspecified,4876719,Sedan,,,,,,,,,,32.0,District32@council.nyc.gov
2026-02-04T00:00:00.000,12:17,BRONX,10459.0,40.82169,-73.89148,"{""latitude"": ""40.82169"", ""longitude"": ""-73.89148"", ""human_address"": ""{\""address\"": \""\"", \""city\"": \""\"", \""state\"": \""\"", \""zip\"": \""\""}""}",946       SOUTHERN BLVD,0,0,0,0,0,0,0,0,Passing Too Closely,Lane Marking Improper/Inadequate,4876641,Ambulance,Sedan,,,,,,,,,32.0,District32@council.nyc.gov
2026-02-04T00:00:00.000,19:00,MANHATTAN,10017.0,40.75519,-73.97122,"{""latitude"": ""40.75519"", ""longitude"": ""-73.97122"", ""human_address"": ""{\""address\"": \""\"", \""city\"": \""\"", \""state\"": \""\"", \""zip\"": \""\""}""}",,0,0,0,0,0,0,0,0,Unspecified,Unspecified,4876509,Sedan,Pick-up Truck,3 AVE,E 49 ST,,,,,,,14.0,District14@council.nyc.gov
2026-02-04T00:00:00.000,7:50,BROOKLYN,11230.0,40.630283,-73.974174,"{""latitude"": ""40.630283"", ""longitude"": ""-73.974174"", ""human_address"": ""{\""address\"": \""\"", \""city\"": \""\"", \""state\"": \""\"", \""zip\"": \""\""}""}",140       LAWRENCE AVE,0,0,0,0,0,0,0,0,Driver Inexperience,Unspecified,4876500,Bus,Sedan,,,,,,,,,22.0,District22@council.nyc.gov
2026-02-04T00:00:00.000,7:50,BROOKLYN,11230.0,40.630283,-73.974174,"{""latitude"": ""40.630283"", ""longitude"": ""-73.974174"", ""human_address"": ""{\""address\"": \""\"", \""city\"": \""\"", \""state\"": \""\"", \""zip\"": \""\""}""}",140       LAWRENCE AVE,0,0,0,0,0,0,0,0,Driver Inexperience,Unspecified,4876500,Bus,Sedan,,,,,,,,,41.0,District41@council.nyc.gov
2026-02-04T00:00:00.000,10:00,BROOKLYN,11207.0,40.65784,-73.88183,"{""latitude"": ""40.65784"", ""longitude"": ""-73.88183"", ""human_address"": ""{\""address\"": \""\"", \""city\"": \""\"", \""state\"": \""\"", \""zip\"": \""\""}""}",300       WORTMAN AVE,0,0,0,0,0,0,0,0,Other Vehicular,Driver Inattention/Distraction,4876419,Bus,Pick-up Truck,,,,,,,,,19.0,District19@council.nyc.gov
2026-02-04T00:00:00.000,18:00,BROOKLYN,11214.0,40.604855,-73.99475,"{""latitude"": ""40.604855"", ""longitude"": ""-73.99475"", ""human_address"": ""{\""address\"": \""\"", \""city\"": \""\"", \""state\"": \""\"", \""zip\"": \""\""}""}",8310      21 AVE,1,0,1,0,0,0,0,0,Driver Inattention/Distraction,,4876498,Sedan,,,,,,,,,,6.0,District6@council.nyc.gov
2026-02-04T00:00:00.000,7:35,,,40.656487,-73.960075,"{""latitude"": ""40.656487"", ""longitude"": ""-73.960075"", ""human_address"": ""{\""address\"": \""\"", \""city\"": \""\"", \""state\"": \""\"", \""zip\"": \""\""}""}",,1,0,1,0,0,0,0,0,Driver Inattention/Distraction,,4876354,Pick-up Truck,,WINTHROP ST,,,,,,,,22.0,District22@council.nyc.gov
2026-02-04T00:00:00.000,7:35,,,40.656487,-73.960075,"{""latitude"": ""40.656487"", ""longitude"": ""-73.960075"", ""human_address"": ""{\""address\"": \""\"", \""city\"": \""\"", \""state\"": \""\"", \""zip\"": \""\""}""}",,1,0,1,0,0,0,0,0,Driver Inattention/Distraction,,4876354,Pick-up Truck,,WINTHROP ST,,,,,,,,41.0,District41@council.nyc.gov
2026-02-04T00:00:00.000,17:55,STATEN ISLAND,10305.0,40.604397,-74.069,"{""latitude"": ""40.604397"", ""longitude"": ""-74.069"", ""human_address"": ""{\""address\"": \""\"", \""city\"": \""\"", \""state\"": \""\"", \""zip\"": \""\""}""}",,0,0,0,0,0,0,0,0,Following Too Closely,Unspecified,4876583,Bus,Sedan,FINGERBOARD RD,NARROWS RD N,,,,,,,39.0,District39@council.nyc.gov
2026-02-04T00:00:00.000,7:47,BRONX,10457.0,40.839115,-73.90023,"{""latitude"": ""40.839115"", ""longitude"": ""-73.90023"", ""human_address"": ""{\""address\"": \""\"", \""city\"": \""\"", \""state\"": \""\"", \""zip\"": \""\""}""}",3872      3 AVE,1,0,1,0,0,0,0,0,Unspecified,,4876791,Sedan,,,,,,,,,,31.0,District31@council.nyc.gov
2026-02-04T00:00:00.000,17:06,,,40.73543,-73.982704,"{""latitude"": ""40.73543"", ""longitude"": ""-73.982704"", ""human_address"": ""{\""address\"": \""\"", \""city\"": \""\"", \""state\"": \""\"", \""zip\"": \""\""}""}",,2,0,2,0,0,0,0,0,Driver Inattention/Distraction,,4876640,Station Wagon/Sport Utility Vehicle,,E 19 ST,,,,,,,,15.0,District15@council.nyc.gov
